Name,Age,Location,Gender,Weight(kg),Height(cm),BMI,Dietary Preference,Allergies,Workout Frequency,Workout Type,Workout Duration,Fitness Goals,Progress,Features Used,App Time(minutes),Interaction,Content Preference
"Meghan Miller,59,""Youngchester,Somalia"",Non-binary,63,164,23.4,Paleo,Gluten,2,Yoga,118,Flexibility,Improved,Challenges,93,Comments,Workout videos"
"Robyn Rodriguez,56,""Andradeland,Jersey"",Female,109,180,33.6,Vegetarian,Peanuts,3,Mixed,93,Muscle gain,Improved,Virtual Coach,29,Forum,Meal plans"
"Douglas Williams,23,""Lake Johnburgh,British Indian Ocean Territory (Chagos Archipelago)"",Male,117,164,43.5,Gluten-free,Gluten,4,Mixed,90,Muscle gain,Moderate,Challenges,53,Messages,Articles"
"Renee Potter,59,""Lake Katherinestad,Liberia"",Female,110,172,37.2,Gluten-free,None,5,Strength Training,92,Endurance,Moderate,Meal Tracker,105,Forum,Articles"
"Jake Gonzalez,65,""Wintersburgh,Guernsey"",Female,57,198,14.5,Mediterranean,Dairy,3,Strength Training,101,Flexibility,Improved,Workout Creator,66,Forum,Meal plans"
"Samantha Gibson,27,""Stonechester,Cote d'Ivoire"",Female,90,199,22.7,Vegan,Dairy,1,HIIT,54,Flexibility,Improved,Workout Creator,15,Messages,Meal plans"
"George Davis,31,""Port James,Russian Federation"",Non-binary,53,159,21.0,Mediterranean,Dairy,6,Cardio,60,Muscle gain,No change,Meal Tracker,119,Comments,Articles"
"Casey Newman,62,""East Kennethshire,Northern Mariana Islands"",Female,53,156,21.8,Mediterranean,Gluten,4,Yoga,34,Weight loss,Improved,Meal Tracker,66,Comments,Meal plans"
"Juan Atkinson,65,""Kentview,Cote d'Ivoire"",Non-binary,68,185,19.9,Mediterranean,Gluten,2,Cardio,84,Flexibility,Moderate,Challenges,40,None,Workout videos"
"Sean Hudson,19,""Jorgeburgh,Niger"",Male,64,189,17.9,Gluten-free,Gluten,6,Running,101,Endurance,Moderate,Meal Tracker,64,None,Articles"
"Gerald Owens,50,""Joshuashire,Tuvalu"",Non-binary,89,168,31.5,Keto,Peanuts,2,Running,21,Endurance,Significant,Meal Tracker,41,Messages,Articles"
"Jaclyn Odom,51,""South Brianamouth,Sao Tome and Principe"",Non-binary,91,158,36.5,Vegetarian,Peanuts,4,Mixed,93,Cardiovascular health,No change,Health Stats,76,Comments,Meal plans"
"Christopher Floyd,37,""West Charleschester,Tonga"",Female,112,184,33.1,Vegan,Gluten,2,Mixed,36,Muscle gain,No change,Workout Creator,20,Forum,Workout videos"
"Brittany Higgins,58,""Laurenland,Tanzania"",Male,70,159,27.7,Vegetarian,Dairy,7,Mixed,106,Weight loss,No change,Progress Tracker,99,Forum,Articles"
"Andrew Hall,25,""Huffmanborough,Syrian Arab Republic"",Male,64,188,18.1,Keto,Dairy,6,Yoga,120,Flexibility,No change,Progress Tracker,76,Forum,Meal plans"
"Lisa Jones,39,""South Jamesshire,Philippines"",Non-binary,116,165,42.6,Vegan,Peanuts,5,Cardio,94,Weight loss,Significant,Meal Tracker,46,None,Workout videos"
"Franklin Guerrero,65,""Port Charles,Brazil"",Female,107,159,42.3,Paleo,Shellfish,1,HIIT,37,Endurance,No change,Virtual Coach,58,None,Workout videos"
"Andrew Turner,59,""Lake Joyport,Sao Tome and Principe"",Male,93,191,25.5,Mediterranean,Gluten,6,Strength Training,103,Endurance,Moderate,Progress Tracker,100,Comments,Workout videos"
"Michael Horn,20,""Lake Brian,Nicaragua"",Female,117,179,36.5,Vegetarian,Gluten,1,HIIT,117,Flexibility,Improved,Progress Tracker,100,Forum,Articles"
"Kristina Webb,46,""West Lisaberg,Mongolia"",Non-binary,65,166,23.6,Low-fat,Peanuts,2,Strength Training,65,Cardiovascular health,Significant,Health Stats,78,Comments,Workout videos"
"Jaime Gaines,64,""Port Marybury,French Guiana"",Male,53,185,15.5,Keto,Gluten,4,Strength Training,106,Muscle gain,Moderate,Challenges,71,Messages,Workout videos"
"Melanie Bean,48,""North Nicole,Norway"",Non-binary,87,171,29.8,Paleo,Peanuts,5,Strength Training,115,Muscle gain,No change,Challenges,79,Forum,Workout videos"
"Nicole Horn,30,""Lake Raymond,Puerto Rico"",Male,102,189,28.6,Paleo,Shellfish,4,Strength Training,49,Cardiovascular health,Significant,Virtual Coach,23,None,Meal plans"
"Andrea Johnson,44,""Dominiquetown,Barbados"",Female,114,198,29.1,Low-fat,Shellfish,2,Strength Training,103,Weight loss,Moderate,Meal Tracker,103,Forum,Articles"
"Donald Booth,51,""Toddport,Czech Republic"",Male,66,194,17.5,Low-carb,Shellfish,1,HIIT,114,Cardiovascular health,Improved,Virtual Coach,47,Messages,Meal plans"
"Cathy Lawrence,35,""Bakerhaven,Ireland"",Female,95,164,35.3,Low-fat,Dairy,7,HIIT,105,Cardiovascular health,Moderate,Workout Creator,90,Forum,Articles"
"Taylor Casey,35,""North Karenchester,Tokelau"",Male,82,177,26.2,Paleo,Dairy,1,Yoga,32,Flexibility,No change,Workout Creator,114,Forum,Articles"
"Anita Thompson,26,""Meganfurt,Congo"",Male,114,190,31.6,Low-carb,Peanuts,5,Mixed,114,Endurance,Moderate,Meal Tracker,92,Forum,Workout videos"
"Christopher Vaughn,31,""South Scottburgh,Comoros"",Male,55,156,22.6,Mediterranean,Peanuts,6,Mixed,36,Endurance,Moderate,Challenges,84,None,Meal plans"
"Jessica Williams,45,""South Jacqueline,American Samoa"",Non-binary,100,169,35.0,Low-fat,Dairy,6,Strength Training,26,Weight loss,Significant,Progress Tracker,57,Comments,Articles"
"Kimberly Short,57,""Davidsonfurt,Malaysia"",Male,96,160,37.5,Paleo,Shellfish,3,Mixed,41,Cardiovascular health,Moderate,Challenges,39,Forum,Articles"
"Marcus Knox,45,""Jeremyborough,Lithuania"",Female,101,153,43.1,Paleo,Gluten,7,HIIT,68,Endurance,No change,Progress Tracker,93,Messages,Workout videos"
"Dr. Megan Wilson DVM,21,""West Robert,Slovenia"",Non-binary,51,162,19.4,Mediterranean,Gluten,6,Running,61,Flexibility,Moderate,Meal Tracker,112,Forum,Articles"
"Dorothy Adams,34,""West Emilytown,Anguilla"",Non-binary,105,182,31.7,Paleo,Peanuts,6,Yoga,96,Weight loss,No change,Meal Tracker,97,Forum,Articles"
"Kenneth Gray,36,""Port Gregory,British Indian Ocean Territory (Chagos Archipelago)"",Non-binary,54,156,22.2,Paleo,Shellfish,4,Running,65,Weight loss,No change,Virtual Coach,22,None,Meal plans"
"John Fernandez,63,""Port Emmamouth,Haiti"",Non-binary,115,171,39.3,Low-carb,None,3,HIIT,81,Muscle gain,Moderate,Workout Creator,42,Forum,Articles"
"Justin Castro,57,""West Jonathanchester,Jersey"",Non-binary,81,166,29.4,Mediterranean,Shellfish,6,Running,22,Muscle gain,Moderate,Workout Creator,85,Messages,Workout videos"
"Brandi Ochoa,45,""Ashleyfurt,Kazakhstan"",Female,113,189,31.6,Vegan,Dairy,7,HIIT,66,Endurance,No change,Health Stats,107,None,Workout videos"
"Charles Edwards,33,""Port Hannahmouth,Morocco"",Non-binary,63,183,18.8,Vegetarian,Dairy,4,Running,41,Weight loss,No change,Progress Tracker,82,Forum,Meal plans"
"Joshua Lucero,33,""Silvaton,Poland"",Female,87,198,22.2,Vegan,Peanuts,3,Cardio,54,Endurance,Improved,Challenges,30,Comments,Workout videos"
"Colleen Garcia,55,""North Maria,Japan"",Non-binary,108,193,29.0,Vegan,Gluten,1,Running,86,Flexibility,No change,Progress Tracker,41,Comments,Articles"
"Kimberly Brown,32,""New Christinaburgh,Honduras"",Male,106,173,35.4,Vegetarian,Peanuts,6,Yoga,108,Muscle gain,Improved,Meal Tracker,100,Comments,Meal plans"
"Daniel Torres,38,""East Timothyhaven,Jamaica"",Female,90,150,40.0,Low-fat,Dairy,3,Cardio,39,Flexibility,No change,Virtual Coach,64,None,Meal plans"
"Anthony Davis,45,""Allenside,Antarctica (the territory South of 60 deg S)"",Non-binary,56,190,15.5,Vegan,Gluten,1,Strength Training,81,Cardiovascular health,Moderate,Virtual Coach,66,Messages,Meal plans"
"Samantha Morgan,35,""South Nicholas,Greece"",Male,77,160,30.1,Vegan,None,3,HIIT,109,Cardiovascular health,Improved,Progress Tracker,84,Forum,Articles"
"Rebecca Barry,50,""Andrewchester,Togo"",Non-binary,114,156,46.8,Paleo,Peanuts,7,Strength Training,64,Cardiovascular health,No change,Meal Tracker,96,Comments,Workout videos"
"Ivan Perkins,20,""West Victoriahaven,Honduras"",Male,94,194,25.0,Mediterranean,Peanuts,1,Yoga,88,Endurance,Improved,Virtual Coach,49,Forum,Articles"
"Jasmine Jenkins,32,""Huangfort,Philippines"",Non-binary,59,184,17.4,Paleo,None,7,Cardio,108,Muscle gain,Significant,Meal Tracker,106,Forum,Meal plans"
"Dominic Castillo,56,""Susanfort,Hungary"",Male,98,165,36.0,Mediterranean,Shellfish,7,Running,99,Muscle gain,Improved,Challenges,55,None,Articles"
"Morgan Hall,19,""Howardchester,Ukraine"",Non-binary,92,179,28.7,Low-fat,Peanuts,2,Yoga,72,Cardiovascular health,Improved,Challenges,105,Messages,Articles"
"Tracy Adams,57,""Lake Paula,South Georgia and the South Sandwich Islands"",Male,72,158,28.8,Vegan,Dairy,2,Running,40,Muscle gain,Moderate,Progress Tracker,25,Messages,Workout videos"
"Colton Martin,32,""New Joshua,Turkey"",Non-binary,98,155,40.8,Paleo,None,3,Running,91,Muscle gain,Moderate,Progress Tracker,102,Forum,Meal plans"
"Kevin Massey,44,""North Samantha,Niue"",Female,116,156,47.7,Keto,Peanuts,3,Mixed,35,Weight loss,Significant,Workout Creator,15,Comments,Meal plans"
"Joel Ruiz,58,""North Mark,Brunei Darussalam"",Male,65,165,23.9,Vegan,Peanuts,3,Yoga,57,Cardiovascular health,No change,Workout Creator,96,Comments,Workout videos"
"Donald King,28,""Erikaton,Belgium"",Female,115,181,35.1,Vegetarian,None,1,HIIT,41,Muscle gain,Significant,Challenges,100,None,Articles"
"Joanne Warner,52,""Schwartzland,Bangladesh"",Female,93,191,25.5,Gluten-free,Peanuts,1,HIIT,91,Weight loss,No change,Meal Tracker,17,None,Articles"
"Aaron King,49,""Port Daniel,British Indian Ocean Territory (Chagos Archipelago)"",Non-binary,105,187,30.0,Vegetarian,Peanuts,4,Mixed,61,Muscle gain,Significant,Challenges,112,None,Workout videos"
"Jeffrey Christian,64,""Gloriaborough,France"",Male,73,197,18.8,Vegan,None,6,Strength Training,112,Cardiovascular health,No change,Health Stats,32,Messages,Articles"
"Melanie Norton,31,""Lake Adrian,Guinea-Bissau"",Male,103,150,45.8,Gluten-free,None,5,Running,31,Cardiovascular health,Significant,Progress Tracker,74,Forum,Meal plans"
"Christopher Lopez,37,""South Tammy,Guam"",Female,74,176,23.9,Low-carb,None,4,Strength Training,105,Cardiovascular health,Improved,Workout Creator,26,Messages,Workout videos"
"Christine Butler,45,""Gibsonmouth,Chad"",Female,83,153,35.5,Vegetarian,Peanuts,7,Strength Training,64,Flexibility,Improved,Virtual Coach,74,Comments,Articles"
"Anita King,18,""Williamchester,Guinea-Bissau"",Female,94,167,33.7,Mediterranean,Gluten,7,Running,39,Muscle gain,Significant,Workout Creator,61,Forum,Workout videos"
"Elizabeth Perry,56,""New Charlesland,Samoa"",Non-binary,87,154,36.7,Vegetarian,Shellfish,1,Strength Training,49,Cardiovascular health,No change,Challenges,59,Messages,Workout videos"
"William Herrera,61,""East Saraside,Libyan Arab Jamahiriya"",Male,93,164,34.6,Gluten-free,Dairy,1,Cardio,95,Muscle gain,Moderate,Meal Tracker,82,Forum,Workout videos"
"Lisa Mcdonald,51,""Melissaville,Dominican Republic"",Male,71,194,18.9,Low-carb,Shellfish,7,HIIT,85,Cardiovascular health,Significant,Meal Tracker,88,Forum,Meal plans"
"Alexandria Contreras,55,""Port Connor,Nepal"",Non-binary,99,170,34.3,Keto,Shellfish,7,Cardio,33,Flexibility,Significant,Challenges,111,Forum,Workout videos"
"Allison Wright,30,""Chadbury,Tuvalu"",Male,75,185,21.9,Keto,None,3,Mixed,33,Flexibility,Improved,Virtual Coach,26,Messages,Meal plans"
"Maria Sullivan,18,""Lake Danielhaven,Togo"",Non-binary,72,178,22.7,Paleo,Dairy,3,Mixed,43,Muscle gain,No change,Challenges,112,None,Workout videos"
"Valerie Kelly,18,""Maysland,Slovenia"",Non-binary,77,199,19.4,Keto,Shellfish,4,Running,29,Weight loss,Improved,Health Stats,57,Forum,Articles"
"Richard Williamson,42,""East Victoria,France"",Non-binary,110,172,37.2,Vegan,Shellfish,3,Cardio,33,Cardiovascular health,No change,Virtual Coach,21,Forum,Workout videos"
"Jessica Smith,18,""Harrishaven,Benin"",Female,60,164,22.3,Paleo,Peanuts,5,Yoga,114,Endurance,Significant,Progress Tracker,115,Forum,Workout videos"
"Vanessa Peters,36,""Lake William,Zambia"",Male,107,194,28.4,Paleo,Shellfish,2,HIIT,63,Endurance,Significant,Meal Tracker,116,Forum,Articles"
"Jason Anderson,56,""East Amy,Gambia"",Non-binary,106,155,44.1,Vegan,Dairy,6,HIIT,73,Endurance,No change,Challenges,114,Comments,Articles"
"David Martin,24,""Michaelmouth,Qatar"",Non-binary,95,159,37.6,Vegetarian,Peanuts,6,HIIT,102,Endurance,No change,Workout Creator,110,None,Workout videos"
"Ronald Mendoza,37,""Melissafort,Wallis and Futuna"",Male,97,193,26.0,Gluten-free,Shellfish,3,Mixed,100,Flexibility,Improved,Virtual Coach,59,Messages,Articles"
"Nathan Harris,22,""Gutierrezberg,Botswana"",Female,60,200,15.0,Gluten-free,None,6,Strength Training,74,Endurance,Significant,Virtual Coach,75,Forum,Articles"
"Paula Cook,29,""West Zachary,Cambodia"",Male,112,175,36.6,Mediterranean,Dairy,3,Yoga,25,Flexibility,Improved,Virtual Coach,94,Messages,Meal plans"
"Joshua Mathis,18,""Noblestad,Australia"",Male,106,168,37.6,Vegan,Dairy,3,Mixed,62,Cardiovascular health,Improved,Health Stats,17,Forum,Meal plans"
"Michael Weaver,39,""Port Sethside,Faroe Islands"",Male,85,159,33.6,Low-carb,None,7,Yoga,54,Muscle gain,Moderate,Progress Tracker,73,Forum,Meal plans"
"Cassandra Cervantes,20,""East Josefurt,Papua New Guinea"",Male,57,173,19.0,Paleo,Gluten,2,Cardio,47,Flexibility,Significant,Workout Creator,102,Messages,Meal plans"
"Bobby Watts,42,""Garciaborough,Saint Lucia"",Non-binary,77,182,23.2,Keto,Gluten,7,HIIT,49,Muscle gain,No change,Workout Creator,70,None,Meal plans"
"Andrew Castro,25,""Alyssatown,El Salvador"",Male,64,190,17.7,Vegetarian,None,5,Yoga,39,Flexibility,No change,Virtual Coach,43,Messages,Articles"
"Terri Brown,23,""East Dylanland,Myanmar"",Male,56,155,23.3,Low-fat,None,3,Cardio,25,Muscle gain,Improved,Health Stats,88,None,Articles"
"David Craig,24,""North Stanley,Bolivia"",Female,83,174,27.4,Vegan,None,2,Strength Training,69,Cardiovascular health,No change,Meal Tracker,106,Forum,Articles"
"Rachel Gross,61,""Hodgeschester,Equatorial Guinea"",Non-binary,111,181,33.9,Mediterranean,None,1,Cardio,67,Muscle gain,Moderate,Meal Tracker,63,Comments,Workout videos"
"Patrick Hodge,40,""Deborahland,Saint Barthelemy"",Male,61,169,21.4,Low-carb,Dairy,6,Mixed,119,Muscle gain,Improved,Meal Tracker,85,None,Articles"
"Michele Harmon,42,""Sabrinahaven,Kazakhstan"",Female,102,171,34.9,Low-carb,Peanuts,1,Strength Training,38,Muscle gain,Moderate,Meal Tracker,87,None,Meal plans"
"Felicia Young,31,""West Michellechester,Niger"",Female,69,163,26.0,Gluten-free,Peanuts,2,Yoga,62,Weight loss,Improved,Health Stats,82,Messages,Articles"
"Rodney Smith,52,""Woodsmouth,Svalbard & Jan Mayen Islands"",Non-binary,79,178,24.9,Gluten-free,None,3,Mixed,96,Endurance,Moderate,Virtual Coach,98,Messages,Meal plans"
"Lisa Garcia,33,""East Daniel,Kiribati"",Non-binary,98,191,26.9,Vegetarian,None,2,Running,87,Flexibility,Significant,Meal Tracker,40,Forum,Meal plans"
"Carla Kirk,57,""Kaitlinview,Sri Lanka"",Male,118,177,37.7,Vegan,None,6,Yoga,39,Weight loss,Improved,Meal Tracker,118,None,Meal plans"
"Michael Wright,56,""East Tony,Syrian Arab Republic"",Male,96,179,30.0,Paleo,Shellfish,2,Strength Training,27,Endurance,Moderate,Challenges,62,None,Meal plans"
"Chad Rush,20,""Vaughnton,Mexico"",Male,85,198,21.7,Mediterranean,Gluten,2,Mixed,87,Cardiovascular health,Significant,Challenges,40,Comments,Articles"
"Joel Mcdonald,34,""Contrerasstad,Nepal"",Non-binary,98,151,43.0,Mediterranean,Shellfish,3,Strength Training,72,Endurance,No change,Progress Tracker,38,Comments,Articles"
"Mary Joseph,21,""West Richardside,Jersey"",Non-binary,59,177,18.8,Keto,Shellfish,1,HIIT,95,Weight loss,Improved,Virtual Coach,50,Forum,Articles"
"Paul Harris,34,""Banksfurt,Lao People's Democratic Republic"",Non-binary,94,179,29.3,Vegan,None,7,Yoga,113,Endurance,Significant,Health Stats,71,Comments,Meal plans"
"Stephen Wu,45,""North Samanthachester,Anguilla"",Male,92,171,31.5,Low-carb,None,3,Yoga,28,Flexibility,Significant,Challenges,98,Comments,Workout videos"
"Tara Alexander,58,""New Rita,Armenia"",Female,105,186,30.4,Keto,Dairy,6,Cardio,101,Flexibility,Moderate,Virtual Coach,73,Comments,Workout videos"
"Melinda Barker,24,""Jacksonchester,Palau"",Female,75,191,20.6,Paleo,Peanuts,7,HIIT,48,Muscle gain,Improved,Health Stats,103,Forum,Articles"
"Keith Park,55,""Lake Rebecca,Jersey"",Non-binary,58,190,16.1,Gluten-free,Dairy,5,Strength Training,96,Weight loss,Moderate,Progress Tracker,39,Forum,Meal plans"
"Ryan Martinez,31,""Lake Kristen,Kyrgyz Republic"",Female,96,183,28.7,Vegan,None,5,Yoga,24,Muscle gain,Significant,Meal Tracker,90,Forum,Workout videos"
"Jamie Jones,37,""Port Preston,Luxembourg"",Female,76,162,29.0,Low-carb,Gluten,3,HIIT,54,Cardiovascular health,Improved,Progress Tracker,60,Forum,Workout videos"
"Laura Daniels,26,""Marvinport,Armenia"",Male,68,173,22.7,Paleo,Dairy,2,Running,61,Muscle gain,No change,Progress Tracker,37,Forum,Meal plans"
"Margaret Brown,55,""Gregoryfurt,Madagascar"",Male,98,173,32.7,Low-fat,Shellfish,3,Cardio,55,Cardiovascular health,Significant,Challenges,109,None,Articles"
"Amanda Lee,53,""South Carolville,Saudi Arabia"",Male,118,150,52.4,Low-carb,None,3,Strength Training,52,Weight loss,Significant,Virtual Coach,16,None,Articles"
"Amy Mayo,41,""Lloydville,Burundi"",Female,55,197,14.2,Vegan,Dairy,7,Yoga,61,Endurance,Moderate,Health Stats,54,Forum,Articles"
"Catherine Duarte,29,""Ellisfurt,Sri Lanka"",Non-binary,86,156,35.3,Low-carb,Peanuts,5,Yoga,35,Flexibility,Improved,Progress Tracker,42,Messages,Articles"
"Cody Brown,36,""South Jaclynfort,Somalia"",Female,57,193,15.3,Vegan,Peanuts,2,HIIT,48,Muscle gain,No change,Workout Creator,86,Forum,Meal plans"
"Shelby Hernandez,59,""South Anneton,Lithuania"",Male,111,198,28.3,Low-carb,Shellfish,6,HIIT,70,Endurance,Moderate,Virtual Coach,85,Messages,Meal plans"
"Ms. Katherine Richardson MD,59,""Cooperport,Togo"",Male,90,171,30.8,Low-carb,Dairy,5,HIIT,82,Endurance,Significant,Workout Creator,111,Comments,Workout videos"
"Brittany Weeks,24,""Vegaville,Honduras"",Non-binary,85,151,37.3,Gluten-free,Gluten,6,Mixed,20,Flexibility,Moderate,Progress Tracker,30,Comments,Workout videos"
"Brittany Davis,63,""Wallacehaven,Afghanistan"",Non-binary,83,161,32.0,Low-fat,Dairy,3,Mixed,43,Endurance,Improved,Meal Tracker,69,Forum,Meal plans"
"Carol Gibson,31,""East Lisa,Greenland"",Non-binary,76,168,26.9,Vegan,Dairy,7,Mixed,41,Flexibility,Significant,Progress Tracker,53,None,Workout videos"
"Randy Carr,44,""Port Kevin,China"",Male,71,168,25.2,Vegetarian,Peanuts,5,Strength Training,39,Cardiovascular health,Moderate,Virtual Coach,104,Messages,Meal plans"
"John Benson,32,""Patriciaview,Trinidad and Tobago"",Non-binary,50,173,16.7,Low-fat,Shellfish,3,Running,83,Muscle gain,Significant,Meal Tracker,67,Comments,Meal plans"
"Richard Reed,31,""Gomezstad,Norway"",Male,110,172,37.2,Mediterranean,Peanuts,6,Yoga,46,Endurance,Improved,Virtual Coach,81,Forum,Meal plans"
"Debbie Sanchez,63,""Lake Derekside,Lesotho"",Female,101,182,30.5,Low-carb,Shellfish,6,Cardio,40,Weight loss,Improved,Workout Creator,52,Messages,Workout videos"
"Lindsey Foster,23,""Port Patriciaport,Zimbabwe"",Male,71,158,28.4,Vegetarian,None,3,Yoga,87,Endurance,Significant,Challenges,36,None,Workout videos"
"Jesse Pearson,62,""Rodriguezberg,Northern Mariana Islands"",Male,111,174,36.7,Mediterranean,Gluten,5,Mixed,74,Muscle gain,Moderate,Virtual Coach,66,Comments,Workout videos"
"Stephanie Rodriguez,46,""Mooreland,Suriname"",Non-binary,58,156,23.8,Vegetarian,Gluten,1,Cardio,116,Flexibility,Significant,Progress Tracker,109,Comments,Articles"
"Angela Spencer,61,""East Jonathonland,Niger"",Non-binary,60,161,23.1,Vegetarian,Shellfish,7,HIIT,79,Flexibility,No change,Health Stats,90,None,Meal plans"
"Mark Combs,58,""South Leslie,Paraguay"",Female,90,156,37.0,Low-fat,None,5,Yoga,25,Endurance,No change,Virtual Coach,53,Messages,Workout videos"
"Ronald Daugherty,53,""Port Robertstad,Timor-Leste"",Non-binary,108,165,39.7,Keto,None,1,Yoga,44,Weight loss,Significant,Workout Creator,104,None,Meal plans"
"Chelsea Cunningham,60,""Port Edward,Lebanon"",Non-binary,87,194,23.1,Paleo,Peanuts,3,Yoga,42,Flexibility,No change,Meal Tracker,55,Forum,Workout videos"
"Brandon Thompson,19,""North Charlesville,Micronesia"",Male,83,151,36.4,Low-fat,Gluten,4,Cardio,50,Muscle gain,Moderate,Challenges,82,Comments,Workout videos"
"Brent Rodriguez,45,""West Jessica,Chad"",Non-binary,112,179,35.0,Low-carb,Gluten,7,Mixed,119,Cardiovascular health,Moderate,Progress Tracker,70,None,Meal plans"
"Wendy Fletcher,25,""Davishaven,Armenia"",Female,57,191,15.6,Keto,Dairy,7,HIIT,91,Weight loss,Moderate,Workout Creator,17,Comments,Workout videos"
"Megan Fields,46,""Jasminhaven,Czech Republic"",Male,102,199,25.8,Vegan,None,4,Mixed,75,Muscle gain,Significant,Virtual Coach,32,Forum,Articles"
"Mary Beck,55,""North Michael,Congo"",Female,91,185,26.6,Keto,Peanuts,7,HIIT,32,Muscle gain,Significant,Progress Tracker,105,Messages,Meal plans"
"Anthony Gonzalez,21,""East Charlesfurt,Colombia"",Female,86,197,22.2,Gluten-free,Peanuts,5,Cardio,106,Muscle gain,Moderate,Workout Creator,88,Messages,Workout videos"
"Elizabeth Leon,42,""Wongtown,Sri Lanka"",Female,117,193,31.4,Low-carb,None,4,HIIT,29,Weight loss,Improved,Workout Creator,47,Messages,Meal plans"
"Christina Pope,33,""Garrisonmouth,Palestinian Territory"",Non-binary,65,164,24.2,Mediterranean,Peanuts,7,Mixed,99,Endurance,Moderate,Challenges,47,Comments,Meal plans"
"Annette Guzman,61,""North Andreaburgh,Italy"",Non-binary,78,180,24.1,Gluten-free,Shellfish,5,Mixed,38,Muscle gain,No change,Challenges,50,Messages,Articles"
"Bryan Le,58,""East Philipmouth,Guatemala"",Non-binary,96,198,24.5,Gluten-free,Dairy,6,HIIT,99,Cardiovascular health,Improved,Meal Tracker,95,Messages,Workout videos"
"Desiree Davis,46,""Christophertown,Qatar"",Female,65,159,25.7,Low-carb,Gluten,4,Cardio,56,Weight loss,Moderate,Meal Tracker,52,None,Articles"
"Sabrina Herrera,47,""Lake Anthony,Montenegro"",Non-binary,100,184,29.5,Low-fat,Peanuts,6,Running,95,Muscle gain,Improved,Challenges,82,None,Meal plans"
"Rebecca Dickerson,39,""Oconnellhaven,Lao People's Democratic Republic"",Non-binary,118,157,47.9,Mediterranean,Shellfish,6,Mixed,47,Endurance,No change,Challenges,87,Messages,Meal plans"
"Gregory Lewis,36,""West Kevin,Ireland"",Male,94,200,23.5,Vegetarian,Peanuts,3,Mixed,27,Endurance,Moderate,Health Stats,103,Forum,Workout videos"
"Paul Schmidt,63,""Natalieton,Russian Federation"",Non-binary,71,175,23.2,Low-fat,None,5,Running,25,Flexibility,Significant,Workout Creator,49,Messages,Meal plans"
"Teresa Davis,62,""Sarahland,Chile"",Non-binary,84,153,35.9,Mediterranean,Dairy,2,HIIT,56,Weight loss,Improved,Health Stats,53,Forum,Workout videos"
"Chad Scott,43,""Johnsonport,Mongolia"",Male,111,176,35.8,Mediterranean,None,6,Strength Training,57,Weight loss,No change,Workout Creator,97,Forum,Meal plans"
"Mark Mitchell,56,""Bradleymouth,Russian Federation"",Non-binary,103,156,42.3,Low-fat,Peanuts,6,HIIT,120,Endurance,Improved,Meal Tracker,20,Forum,Articles"
"Mr. Michael Soto,58,""Marshburgh,Latvia"",Non-binary,71,173,23.7,Vegetarian,Dairy,6,Strength Training,29,Flexibility,No change,Challenges,104,Comments,Workout videos"
"Steven Lee,56,""Seanville,Madagascar"",Male,53,172,17.9,Low-fat,Peanuts,5,HIIT,110,Flexibility,No change,Challenges,99,Comments,Workout videos"
"Jason Russell,35,""Wallacefurt,Togo"",Non-binary,103,177,32.9,Mediterranean,Peanuts,5,HIIT,103,Muscle gain,Improved,Challenges,114,Messages,Articles"
"Mark Davis,34,""Robertsville,Saudi Arabia"",Non-binary,115,186,33.2,Paleo,Dairy,6,Running,76,Cardiovascular health,Significant,Virtual Coach,19,None,Workout videos"
"Kenneth Robertson,63,""Harperhaven,Micronesia"",Non-binary,67,191,18.4,Gluten-free,Gluten,6,Yoga,57,Cardiovascular health,No change,Workout Creator,49,Messages,Articles"
"Jacob Wright,62,""Lake Juliastad,Cocos (Keeling) Islands"",Female,72,186,20.8,Vegan,Shellfish,3,Yoga,101,Cardiovascular health,Improved,Meal Tracker,60,Comments,Workout videos"
"Christopher Gray,47,""Isabellaside,Mali"",Non-binary,110,159,43.5,Keto,Dairy,2,Running,67,Weight loss,Improved,Challenges,33,Comments,Meal plans"
"Jared Melendez,22,""Lake Patriciaton,Fiji"",Non-binary,77,178,24.3,Gluten-free,Peanuts,6,Running,56,Endurance,No change,Meal Tracker,104,Forum,Meal plans"
"Terry Galloway,31,""Robersonmouth,Colombia"",Male,62,175,20.2,Paleo,Gluten,1,Mixed,26,Weight loss,Improved,Challenges,29,Forum,Workout videos"
"Rebecca Lee,54,""East Christopherhaven,American Samoa"",Male,77,159,30.5,Mediterranean,None,4,HIIT,102,Cardiovascular health,Moderate,Challenges,53,Comments,Workout videos"
"James Stout,45,""West Richard,Benin"",Male,78,168,27.6,Vegan,Peanuts,5,Yoga,92,Weight loss,Improved,Challenges,61,Comments,Articles"
"Michael Bright,23,""Chelseaborough,French Guiana"",Male,94,199,23.7,Low-carb,Dairy,7,Running,47,Muscle gain,Moderate,Virtual Coach,96,Comments,Articles"
"Kim Downs,52,""East Jennifer,Croatia"",Female,111,159,43.9,Paleo,Peanuts,3,Mixed,31,Endurance,Significant,Progress Tracker,54,Messages,Workout videos"
"Teresa Frost,62,""Port Peter,Saint Helena"",Female,83,196,21.6,Low-carb,Gluten,1,Strength Training,80,Muscle gain,No change,Health Stats,35,Forum,Articles"
"Ashley Davis,39,""North Carolinetown,Chad"",Male,119,162,45.3,Low-carb,Dairy,6,Running,119,Flexibility,Improved,Progress Tracker,63,Messages,Articles"
"Thomas Lopez,39,""Aprilside,Kiribati"",Male,103,155,42.9,Vegetarian,None,6,HIIT,22,Cardiovascular health,Improved,Health Stats,102,Forum,Meal plans"
"Keith Simmons,53,""Petersonland,Hong Kong"",Female,65,166,23.6,Gluten-free,Dairy,5,Yoga,98,Muscle gain,Improved,Meal Tracker,79,None,Workout videos"
"Jesse Velez,33,""West Maryberg,United Kingdom"",Female,83,198,21.2,Keto,None,4,HIIT,68,Muscle gain,No change,Progress Tracker,15,Comments,Meal plans"
"Robert Lee,47,""South Chad,Ethiopia"",Male,98,172,33.1,Vegetarian,Dairy,3,Strength Training,52,Muscle gain,Moderate,Meal Tracker,108,Comments,Meal plans"
"April Fitzgerald,56,""New Amber,Papua New Guinea"",Male,65,179,20.3,Low-carb,Gluten,1,Yoga,78,Weight loss,Improved,Workout Creator,83,None,Meal plans"
"Michael Mcintyre,33,""Cynthiachester,Italy"",Male,114,194,30.3,Keto,Gluten,2,HIIT,118,Muscle gain,No change,Meal Tracker,22,Forum,Workout videos"
"Alexis Petty,58,""New Steven,Botswana"",Non-binary,103,167,36.9,Vegetarian,Shellfish,6,Cardio,66,Flexibility,Moderate,Virtual Coach,32,None,Articles"
"Ashley Murphy,57,""South Kellyside,Ukraine"",Non-binary,78,186,22.5,Keto,Peanuts,3,Cardio,70,Cardiovascular health,Moderate,Virtual Coach,58,Comments,Workout videos"
"Jenny Kelly,18,""West Michele,Gibraltar"",Male,81,166,29.4,Vegetarian,None,7,Yoga,68,Flexibility,No change,Meal Tracker,39,Comments,Workout videos"
"Jeffery Simpson DDS,53,""Port James,Bolivia"",Non-binary,115,155,47.9,Mediterranean,Shellfish,4,Mixed,31,Weight loss,Improved,Virtual Coach,77,Messages,Workout videos"
"Donald Romero,63,""Jamiechester,Malta"",Female,85,180,26.2,Low-carb,Shellfish,1,Cardio,30,Endurance,Improved,Health Stats,113,None,Meal plans"
"David Price,20,""South Ethanland,Cameroon"",Non-binary,112,183,33.4,Low-fat,Gluten,3,Cardio,72,Cardiovascular health,Improved,Virtual Coach,96,Comments,Articles"
"Lucas Adams,41,""Lake Sharonville,Fiji"",Male,89,177,28.4,Paleo,Dairy,3,HIIT,109,Flexibility,Significant,Meal Tracker,54,Forum,Articles"
"Kelly Jones,56,""Port Lisa,Sierra Leone"",Female,52,184,15.4,Mediterranean,Peanuts,7,Strength Training,117,Endurance,Improved,Progress Tracker,101,None,Articles"
"Maria Rodriguez,25,""Jennymouth,Saint Pierre and Miquelon"",Non-binary,72,157,29.2,Low-carb,Peanuts,7,Mixed,64,Muscle gain,Improved,Health Stats,24,Messages,Workout videos"
"Tamara Johnson,44,""South Dylanhaven,Italy"",Non-binary,79,194,21.0,Vegan,None,5,HIIT,49,Muscle gain,No change,Health Stats,99,None,Meal plans"
"Alejandro Ray,41,""North Francis,Guadeloupe"",Non-binary,65,172,22.0,Paleo,Dairy,2,Running,73,Endurance,Moderate,Virtual Coach,53,Forum,Workout videos"
"Brandi Jones,40,""North Daletown,Tuvalu"",Male,100,185,29.2,Paleo,Shellfish,1,Mixed,44,Flexibility,Moderate,Workout Creator,84,None,Workout videos"
"Sean Knight,43,""Longbury,Saudi Arabia"",Male,53,185,15.5,Mediterranean,None,6,Yoga,21,Flexibility,Improved,Meal Tracker,98,Comments,Workout videos"
"Joshua Moore,38,""Port Williammouth,South Georgia and the South Sandwich Islands"",Male,57,172,19.3,Vegetarian,Shellfish,4,Strength Training,70,Cardiovascular health,No change,Meal Tracker,73,Messages,Workout videos"
"Michael Love,37,""North Keith,China"",Male,100,198,25.5,Mediterranean,Dairy,1,Mixed,103,Flexibility,No change,Progress Tracker,16,Comments,Meal plans"
"Kristin Reed,19,""New Ann,Benin"",Female,89,156,36.6,Gluten-free,Dairy,2,Strength Training,21,Muscle gain,Improved,Health Stats,117,None,Articles"
"Lucas Silva,62,""Carlport,Canada"",Male,90,184,26.6,Paleo,Shellfish,3,Yoga,26,Cardiovascular health,Moderate,Workout Creator,76,None,Articles"
"Tony Gutierrez DDS,31,""North Raymond,Liechtenstein"",Female,78,193,20.9,Vegetarian,Gluten,2,Strength Training,30,Endurance,Moderate,Meal Tracker,100,Forum,Articles"
"Jonathan Young,48,""South Courtney,Ghana"",Non-binary,74,164,27.5,Mediterranean,Dairy,2,Yoga,119,Muscle gain,No change,Meal Tracker,60,Forum,Workout videos"
"Karen Williams,37,""Port Tracieland,South Georgia and the South Sandwich Islands"",Male,75,155,31.2,Keto,Dairy,7,Yoga,41,Endurance,Improved,Progress Tracker,98,Forum,Articles"
"Natalie Davis,64,""North Mark,Hong Kong"",Male,110,187,31.5,Low-carb,Peanuts,3,Yoga,29,Flexibility,Significant,Challenges,61,None,Articles"
"Rick Russell,41,""South Timothymouth,Tokelau"",Non-binary,74,194,19.7,Paleo,Gluten,3,Mixed,108,Flexibility,Moderate,Progress Tracker,99,Messages,Meal plans"
"Erik Wade,23,""Nicholshaven,Serbia"",Male,76,190,21.1,Keto,Peanuts,7,HIIT,40,Cardiovascular health,Improved,Health Stats,111,Comments,Meal plans"
"Jason Spencer,48,""West Lindsey,Cambodia"",Non-binary,77,153,32.9,Vegan,Peanuts,2,Running,35,Cardiovascular health,Improved,Workout Creator,20,None,Meal plans"
"Alec Holloway,33,""Kathleenton,Congo"",Male,85,187,24.3,Keto,None,1,Running,26,Weight loss,Improved,Meal Tracker,15,None,Articles"
"Robert Jacobs,29,""Wilcoxborough,Bouvet Island (Bouvetoya)"",Non-binary,81,195,21.3,Low-carb,Gluten,4,HIIT,102,Endurance,Moderate,Virtual Coach,117,Forum,Workout videos"
"Phillip Wong,53,""Port Ryanmouth,Costa Rica"",Female,92,198,23.5,Vegetarian,None,5,Mixed,100,Endurance,Improved,Workout Creator,44,None,Workout videos"
"Nicole Stevenson,18,""New Thomasfort,Grenada"",Non-binary,79,185,23.1,Low-carb,None,3,HIIT,77,Endurance,No change,Progress Tracker,33,None,Workout videos"
"Ronald Vaughn,33,""Port Susanhaven,United States of America"",Male,117,163,44.0,Gluten-free,None,4,Mixed,29,Muscle gain,Moderate,Challenges,28,Forum,Meal plans"
"Joseph Jones,60,""South Lisaport,Iceland"",Non-binary,94,160,36.7,Vegetarian,Dairy,4,HIIT,82,Muscle gain,Significant,Workout Creator,20,Messages,Meal plans"
"Marie Davis,20,""West William,Western Sahara"",Female,53,183,15.8,Low-carb,Gluten,4,Mixed,104,Muscle gain,Moderate,Meal Tracker,22,Comments,Workout videos"
"Jennifer Winters,23,""South Mark,Turkey"",Non-binary,68,181,20.8,Paleo,Peanuts,4,Strength Training,60,Cardiovascular health,Significant,Challenges,20,None,Meal plans"
"Anthony Ho,53,""Delacruzfurt,Sri Lanka"",Female,90,180,27.8,Low-fat,None,7,Mixed,56,Muscle gain,Improved,Challenges,32,None,Articles"
"Jacob York,27,""Barrberg,Tanzania"",Female,107,161,41.3,Mediterranean,None,5,Mixed,106,Cardiovascular health,Significant,Workout Creator,95,None,Articles"
"Ashley Moore,65,""Clarkland,Guam"",Male,119,151,52.2,Gluten-free,Peanuts,7,Running,59,Weight loss,Significant,Health Stats,108,Comments,Workout videos"
"Stephanie Frazier,57,""Piercechester,Puerto Rico"",Non-binary,99,173,33.1,Mediterranean,None,3,Running,55,Endurance,Significant,Virtual Coach,66,Comments,Meal plans"
"Robert Johnson,26,""Moniqueburgh,Kazakhstan"",Male,111,162,42.3,Low-carb,Gluten,3,Cardio,61,Cardiovascular health,Significant,Progress Tracker,35,Comments,Articles"
"Corey Wood,37,""Dominguezton,Russian Federation"",Female,99,187,28.3,Gluten-free,Peanuts,6,Strength Training,99,Flexibility,Moderate,Meal Tracker,58,None,Workout videos"
"Jerry Ward,55,""Davidland,Uzbekistan"",Non-binary,66,196,17.2,Vegetarian,None,1,Mixed,35,Cardiovascular health,No change,Challenges,50,Comments,Workout videos"
"William Santos,42,""Smithberg,United States Minor Outlying Islands"",Female,80,165,29.4,Low-carb,Dairy,4,Mixed,84,Weight loss,Moderate,Workout Creator,27,Comments,Workout videos"
"Robin Bowman,29,""Lake Karen,Guernsey"",Male,102,178,32.2,Low-carb,Gluten,5,Running,110,Cardiovascular health,No change,Health Stats,32,Comments,Articles"
"Marc Thompson,24,""North Katelyn,Saudi Arabia"",Non-binary,105,190,29.1,Mediterranean,Dairy,7,Yoga,55,Cardiovascular health,Moderate,Virtual Coach,54,Comments,Workout videos"
"Ashley Morales,30,""Beckfurt,Angola"",Non-binary,111,198,28.3,Keto,Dairy,3,Strength Training,99,Muscle gain,Significant,Health Stats,31,Forum,Meal plans"
"Edwin Williams,19,""Jonestown,Martinique"",Non-binary,85,163,32.0,Mediterranean,Dairy,4,Strength Training,22,Flexibility,Significant,Workout Creator,50,None,Articles"
"Kathleen Howard,22,""Port Jenniferchester,Brunei Darussalam"",Male,52,168,18.4,Mediterranean,Dairy,4,Mixed,68,Muscle gain,Improved,Meal Tracker,17,Forum,Workout videos"
"Jonathan Mayer,49,""Douglasburgh,Guyana"",Non-binary,64,154,27.0,Keto,None,7,Cardio,51,Cardiovascular health,Improved,Virtual Coach,78,Forum,Articles"
"William Tran,35,""New Allenhaven,Netherlands Antilles"",Male,116,158,46.5,Keto,Gluten,7,Cardio,70,Cardiovascular health,Improved,Meal Tracker,98,Forum,Meal plans"
"Tracy Greer,56,""Pittsside,Bouvet Island (Bouvetoya)"",Female,117,198,29.8,Vegan,Gluten,3,Cardio,96,Endurance,No change,Workout Creator,90,None,Articles"
"Charles Conrad,46,""Thomasburgh,Senegal"",Female,99,160,38.7,Mediterranean,Gluten,4,Strength Training,102,Cardiovascular health,No change,Meal Tracker,107,Forum,Meal plans"
"Kevin Nelson,46,""New Dawn,Marshall Islands"",Non-binary,56,188,15.8,Keto,Shellfish,2,Yoga,23,Cardiovascular health,Moderate,Workout Creator,69,None,Meal plans"
"Robert Taylor,30,""Joelview,Croatia"",Female,91,169,31.9,Vegan,Shellfish,3,Cardio,46,Endurance,Significant,Workout Creator,61,None,Articles"
"Leslie Abbott,35,""North Jennifer,Armenia"",Male,120,192,32.6,Low-carb,Gluten,4,Cardio,120,Muscle gain,Improved,Progress Tracker,49,Comments,Workout videos"
"Laura Glass,60,""Jamesview,Mauritania"",Male,83,170,28.7,Vegetarian,Dairy,6,Cardio,47,Flexibility,Improved,Workout Creator,86,Forum,Articles"
"Caleb Bell,60,""North Nathaniel,Congo"",Non-binary,112,170,38.8,Low-fat,Dairy,1,Cardio,35,Endurance,No change,Challenges,59,Forum,Workout videos"
"Samuel Davis,50,""North Kristina,Philippines"",Male,66,175,21.6,Vegetarian,Dairy,7,Yoga,99,Endurance,Moderate,Progress Tracker,118,Forum,Articles"
"Joanne Donaldson,46,""Wheelerhaven,Saudi Arabia"",Female,78,176,25.2,Gluten-free,Gluten,6,HIIT,78,Muscle gain,Significant,Meal Tracker,64,Comments,Articles"
"Mrs. Brianna Shannon,30,""West Abigail,Niue"",Female,65,184,19.2,Gluten-free,Gluten,1,HIIT,40,Flexibility,Moderate,Progress Tracker,55,Comments,Meal plans"
"Tracy Greer,40,""Amandamouth,Tonga"",Non-binary,84,154,35.4,Low-carb,Shellfish,6,Strength Training,74,Flexibility,Improved,Challenges,51,None,Workout videos"
"Christina Young,64,""Nicholasbury,Oman"",Non-binary,52,170,18.0,Keto,Shellfish,1,Running,106,Cardiovascular health,Moderate,Workout Creator,17,Messages,Articles"
"Dr. Casey Russell,26,""North Nicole,Bouvet Island (Bouvetoya)"",Male,104,151,45.6,Keto,Shellfish,4,Mixed,38,Cardiovascular health,Improved,Challenges,60,Comments,Articles"
"Tonya Good,40,""Vargasborough,Cambodia"",Non-binary,104,182,31.4,Gluten-free,Shellfish,1,HIIT,68,Flexibility,Significant,Progress Tracker,66,Messages,Meal plans"
"Kelsey Lloyd,59,""Bruceland,Ecuador"",Non-binary,59,179,18.4,Vegan,Gluten,4,Strength Training,84,Weight loss,Significant,Health Stats,80,Forum,Articles"
"Brett Lopez,60,""Floresburgh,Switzerland"",Male,111,166,40.3,Vegan,Shellfish,5,Yoga,37,Weight loss,Moderate,Health Stats,74,Comments,Articles"
"Michelle Fisher,53,""East Megan,Sri Lanka"",Non-binary,74,196,19.3,Mediterranean,Shellfish,2,Mixed,97,Muscle gain,Significant,Progress Tracker,56,Messages,Articles"
"Katie Johnson,33,""Port Michaelburgh,Suriname"",Female,100,155,41.6,Low-fat,Gluten,5,Running,37,Flexibility,Improved,Meal Tracker,73,None,Meal plans"
"Laura Dean,41,""Clineville,Bosnia and Herzegovina"",Female,117,192,31.7,Paleo,Shellfish,4,Mixed,96,Cardiovascular health,Significant,Health Stats,59,Forum,Workout videos"
"Kimberly Harper,18,""South James,Kyrgyz Republic"",Non-binary,82,160,32.0,Vegetarian,Peanuts,4,HIIT,47,Endurance,Significant,Health Stats,69,None,Workout videos"
"Robin Sharp,38,""East Jasonville,Tanzania"",Male,100,197,25.8,Low-fat,Gluten,3,Cardio,79,Endurance,Improved,Health Stats,17,None,Workout videos"
"Kelli Miller,58,""East Margaret,Paraguay"",Female,81,176,26.1,Low-fat,Dairy,7,Mixed,51,Weight loss,Significant,Challenges,16,Forum,Workout videos"
"Michael Rogers,44,""Nortonfurt,South Africa"",Non-binary,60,156,24.7,Vegan,Dairy,4,Mixed,95,Endurance,Improved,Health Stats,79,Comments,Workout videos"
"Tina Oconnor,30,""Prestonton,Lebanon"",Female,87,153,37.2,Vegan,Dairy,4,Cardio,61,Cardiovascular health,Improved,Health Stats,34,Comments,Articles"
"Marco Morris,65,""Christopherberg,Belize"",Male,58,199,14.6,Vegetarian,Peanuts,2,Yoga,65,Muscle gain,No change,Challenges,95,Forum,Workout videos"
"Frank Evans,53,""Meyerton,Italy"",Female,109,193,29.3,Paleo,None,7,Cardio,92,Muscle gain,Moderate,Virtual Coach,116,None,Meal plans"
"Alyssa Ferguson MD,59,""Kevinfort,Svalbard & Jan Mayen Islands"",Non-binary,64,155,26.6,Gluten-free,None,5,Running,82,Weight loss,No change,Progress Tracker,120,Comments,Articles"
"Carol Schneider,51,""East Yeseniafort,Chile"",Female,58,174,19.2,Vegan,Dairy,1,Cardio,68,Weight loss,Improved,Meal Tracker,19,Messages,Workout videos"
"Teresa Miller,24,""Adamfort,Sudan"",Female,75,167,26.9,Vegan,Shellfish,6,Mixed,112,Endurance,Moderate,Health Stats,87,Forum,Meal plans"
"Michael Davis,40,""South Sarah,Korea"",Non-binary,76,185,22.2,Keto,Gluten,7,Yoga,110,Cardiovascular health,No change,Progress Tracker,70,Messages,Meal plans"
"Michael Bush,59,""East Crystalton,Chad"",Female,64,177,20.4,Vegan,Gluten,5,Mixed,43,Flexibility,Moderate,Virtual Coach,98,Comments,Workout videos"
"Nicole Barrett,49,""East Chelsea,Reunion"",Male,101,159,40.0,Vegan,Shellfish,1,Cardio,21,Endurance,Significant,Meal Tracker,69,Messages,Workout videos"
"James French,50,""Bushview,Vietnam"",Female,54,161,20.8,Gluten-free,None,5,Strength Training,67,Flexibility,Moderate,Workout Creator,88,None,Articles"
"Tamara Campbell,29,""Janechester,South Georgia and the South Sandwich Islands"",Male,64,151,28.1,Low-fat,Peanuts,5,HIIT,115,Flexibility,Significant,Challenges,99,Messages,Meal plans"
"Rita Rodriguez,30,""Jonesfort,Korea"",Female,110,194,29.2,Keto,None,1,HIIT,28,Cardiovascular health,No change,Progress Tracker,80,Forum,Meal plans"
"Angel Lamb,39,""West Tonya,Kyrgyz Republic"",Female,59,160,23.0,Keto,Shellfish,3,Strength Training,38,Flexibility,Moderate,Meal Tracker,102,Messages,Meal plans"
"Jessica Mckinney,28,""Castilloview,Cote d'Ivoire"",Male,88,161,33.9,Mediterranean,Dairy,3,HIIT,27,Muscle gain,Significant,Meal Tracker,81,None,Workout videos"
"Stacy Pena,37,""North Aaronchester,Falkland Islands (Malvinas)"",Non-binary,119,157,48.3,Low-carb,Shellfish,5,Cardio,73,Weight loss,No change,Meal Tracker,101,Comments,Workout videos"
"Ms. Deborah Bray,38,""North Jason,Oman"",Female,94,195,24.7,Vegan,None,7,Yoga,63,Weight loss,No change,Meal Tracker,83,Messages,Articles"
"Jon Turner,21,""Andreaburgh,Syrian Arab Republic"",Male,116,193,31.1,Mediterranean,Peanuts,5,HIIT,75,Endurance,Improved,Challenges,84,Comments,Workout videos"
"Thomas Kelley,30,""Hamiltonmouth,Malawi"",Non-binary,117,161,45.1,Vegetarian,Gluten,3,Running,102,Muscle gain,No change,Workout Creator,36,Comments,Articles"
"Peter Buchanan,65,""Gutierrezshire,Uganda"",Female,98,196,25.5,Vegetarian,Dairy,6,Yoga,94,Muscle gain,No change,Workout Creator,57,Forum,Articles"
"Louis Glenn,54,""Lake David,Kenya"",Male,82,189,23.0,Vegan,Gluten,3,Strength Training,77,Weight loss,No change,Progress Tracker,44,Comments,Meal plans"
"Thomas Lewis,44,""South Michelleberg,American Samoa"",Male,115,162,43.8,Vegetarian,Shellfish,4,Cardio,75,Weight loss,Improved,Progress Tracker,60,Messages,Meal plans"
"John Wolf,59,""East Logan,Faroe Islands"",Male,53,152,22.9,Paleo,Peanuts,5,Running,91,Weight loss,Improved,Challenges,115,Comments,Meal plans"
"Laurie Bruce,48,""Barberchester,Syrian Arab Republic"",Female,101,174,33.4,Keto,Peanuts,2,Cardio,70,Flexibility,Moderate,Meal Tracker,60,None,Meal plans"
"Tiffany Martin,52,""Lake Derrick,Guatemala"",Non-binary,112,175,36.6,Low-fat,Shellfish,4,Mixed,27,Weight loss,Significant,Progress Tracker,108,None,Articles"
"Mary Merritt,45,""Jakeburgh,Albania"",Male,103,168,36.5,Mediterranean,Peanuts,2,Mixed,27,Weight loss,No change,Virtual Coach,113,None,Articles"
"Lauren Stafford,55,""South Brett,Switzerland"",Female,89,169,31.2,Low-carb,Dairy,4,Mixed,120,Endurance,Significant,Health Stats,101,Comments,Meal plans"
"Veronica Chandler,18,""Coleborough,South Georgia and the South Sandwich Islands"",Male,70,172,23.7,Vegetarian,Peanuts,1,Running,68,Cardiovascular health,Improved,Progress Tracker,103,None,Articles"
"Tammy Wallace,45,""Santanaville,Ukraine"",Female,102,160,39.8,Paleo,Dairy,6,Yoga,109,Endurance,Moderate,Health Stats,37,None,Meal plans"
"Mary Marshall,40,""Lake Mollychester,Nigeria"",Female,98,198,25.0,Gluten-free,Shellfish,6,Cardio,70,Weight loss,Moderate,Workout Creator,15,Messages,Meal plans"
"Evan Payne,18,""Amandaborough,Kenya"",Male,59,166,21.4,Keto,Peanuts,7,Mixed,63,Weight loss,Moderate,Meal Tracker,23,Forum,Workout videos"
"Jacob Rogers,59,""Donnafort,Lebanon"",Male,80,176,25.8,Vegan,Shellfish,6,Strength Training,98,Muscle gain,Improved,Virtual Coach,103,None,Articles"
"Jessica Lindsey,57,""Angelamouth,Lesotho"",Non-binary,87,196,22.6,Vegan,Shellfish,1,Running,120,Flexibility,Moderate,Meal Tracker,51,Comments,Meal plans"
"Kari Atkins,55,""North Michelle,Wallis and Futuna"",Female,72,177,23.0,Low-fat,Dairy,6,Cardio,99,Weight loss,Significant,Meal Tracker,49,Comments,Articles"
"Brandon Hensley,65,""North Michaelville,Belgium"",Female,51,174,16.8,Low-fat,Dairy,7,Cardio,99,Weight loss,Improved,Workout Creator,68,Messages,Articles"
"Barry Griffin,23,""Marieshire,Mongolia"",Male,56,190,15.5,Vegetarian,Gluten,6,Mixed,112,Endurance,Significant,Virtual Coach,104,Messages,Meal plans"
"Angelica Smith,23,""West Benjamin,Somalia"",Female,79,150,35.1,Vegan,Shellfish,4,Yoga,53,Weight loss,Significant,Virtual Coach,111,Comments,Workout videos"
"Sarah Shelton,35,""Christophertown,Russian Federation"",Female,118,188,33.4,Low-fat,Shellfish,7,Yoga,79,Muscle gain,Significant,Health Stats,100,Comments,Workout videos"
"Brian Gill,49,""Cohenmouth,Uganda"",Non-binary,79,200,19.8,Vegetarian,Shellfish,5,Cardio,32,Muscle gain,Moderate,Meal Tracker,77,None,Meal plans"
"Eddie Bridges,52,""Moorechester,Israel"",Male,53,161,20.4,Low-carb,Peanuts,5,Cardio,24,Endurance,Improved,Challenges,64,Forum,Meal plans"
"Brianna Stevens,37,""East Melissa,Uzbekistan"",Female,55,182,16.6,Mediterranean,None,5,Cardio,99,Endurance,Improved,Workout Creator,83,None,Meal plans"
"Allison Munoz,26,""Jordanmouth,Tuvalu"",Non-binary,74,182,22.3,Keto,Shellfish,2,Cardio,103,Flexibility,No change,Virtual Coach,46,Comments,Workout videos"
"Matthew Hodges,31,""South Amanda,Paraguay"",Female,70,178,22.1,Vegetarian,Gluten,6,Mixed,35,Muscle gain,Improved,Progress Tracker,89,Messages,Workout videos"
"Ryan Ferguson,58,""South Stephanie,Korea"",Female,90,163,33.9,Vegan,Gluten,2,HIIT,118,Cardiovascular health,Improved,Health Stats,23,None,Workout videos"
"Debra Dennis,23,""Melaniebury,Liechtenstein"",Female,110,179,34.3,Paleo,Dairy,3,Running,26,Muscle gain,Moderate,Health Stats,74,Forum,Workout videos"
"Jeffrey Norman,49,""South Patrickmouth,San Marino"",Female,52,159,20.6,Mediterranean,Shellfish,6,HIIT,46,Endurance,No change,Meal Tracker,76,Forum,Workout videos"
"Todd Hawkins,65,""Lake Terrance,Uzbekistan"",Non-binary,72,179,22.5,Low-carb,Dairy,3,HIIT,60,Muscle gain,Improved,Challenges,54,Comments,Workout videos"
"Megan Mcgee,41,""South Alexisside,Myanmar"",Male,58,173,19.4,Gluten-free,Gluten,3,Running,107,Cardiovascular health,Significant,Workout Creator,66,Comments,Meal plans"
"Benjamin Perez,59,""Port Nathantown,Pitcairn Islands"",Female,88,178,27.8,Vegetarian,Shellfish,2,Running,88,Flexibility,Significant,Workout Creator,120,None,Meal plans"
"Mitchell Fields,60,""Lake Catherineside,Norway"",Non-binary,56,160,21.9,Low-carb,None,7,HIIT,52,Muscle gain,Moderate,Meal Tracker,25,Messages,Articles"
"Nicole Davis,44,""Faulknertown,Christmas Island"",Non-binary,84,175,27.4,Vegetarian,Gluten,7,Strength Training,49,Cardiovascular health,Moderate,Challenges,30,None,Meal plans"
"Stephanie Haney,42,""Rodrigueztown,Ukraine"",Male,67,194,17.8,Mediterranean,Gluten,2,Running,72,Muscle gain,No change,Progress Tracker,113,Comments,Workout videos"
"Robert Collins,37,""Portermouth,Malawi"",Non-binary,108,186,31.2,Keto,None,3,Running,36,Flexibility,Significant,Challenges,23,None,Meal plans"
"Kimberly Porter,38,""Choihaven,Vanuatu"",Female,85,171,29.1,Vegan,Gluten,3,Cardio,40,Cardiovascular health,No change,Virtual Coach,93,Comments,Articles"
"Jenny Jenkins,56,""Barrettshire,Kazakhstan"",Female,73,160,28.5,Gluten-free,None,6,Cardio,89,Muscle gain,Improved,Progress Tracker,63,Messages,Workout videos"
"Taylor West,35,""New Mariaport,Italy"",Male,115,159,45.5,Vegan,Shellfish,6,HIIT,66,Endurance,Significant,Challenges,77,Comments,Workout videos"
"Patricia Gray,19,""Smithburgh,Denmark"",Non-binary,99,156,40.7,Mediterranean,None,2,Yoga,40,Cardiovascular health,Significant,Challenges,98,Messages,Meal plans"
"Tracy Foster,58,""Chambersstad,Palestinian Territory"",Non-binary,82,189,23.0,Mediterranean,Peanuts,4,Mixed,66,Flexibility,No change,Progress Tracker,16,Messages,Articles"
"Ryan Oconnell,40,""New Heatherfurt,Greenland"",Non-binary,96,196,25.0,Low-fat,Gluten,1,HIIT,100,Flexibility,Improved,Meal Tracker,17,Comments,Meal plans"
"Joe Whitney Jr.,28,""Josephtown,Puerto Rico"",Male,104,198,26.5,Gluten-free,None,1,Cardio,22,Cardiovascular health,Moderate,Virtual Coach,84,Messages,Workout videos"
"Melanie Boone,30,""New Deborah,Netherlands Antilles"",Non-binary,120,185,35.1,Low-fat,Peanuts,4,Running,103,Endurance,Improved,Progress Tracker,96,None,Workout videos"
"Dustin Clark,29,""Sandrachester,Peru"",Non-binary,85,177,27.1,Gluten-free,Shellfish,2,Mixed,62,Flexibility,Improved,Progress Tracker,79,Forum,Meal plans"
"David Munoz,62,""Wiseton,Ghana"",Female,68,200,17.0,Low-fat,Peanuts,1,HIIT,70,Muscle gain,Moderate,Health Stats,108,Comments,Workout videos"
"Joshua Williams,58,""Bentleymouth,Dominica"",Female,75,196,19.5,Low-carb,Shellfish,3,HIIT,22,Cardiovascular health,No change,Virtual Coach,60,None,Meal plans"
"Jennifer Allen,48,""North Haroldfurt,Guinea-Bissau"",Non-binary,110,163,41.4,Mediterranean,Dairy,7,Strength Training,90,Weight loss,Significant,Progress Tracker,20,None,Articles"
"Brent Richardson,37,""Shepherdport,Monaco"",Male,63,195,16.6,Mediterranean,Dairy,7,Strength Training,90,Endurance,No change,Workout Creator,79,None,Workout videos"
"Mrs. Kelsey Hall,49,""Jameston,Austria"",Non-binary,70,151,30.7,Vegan,Dairy,4,HIIT,31,Weight loss,Moderate,Health Stats,86,Messages,Workout videos"
"Shawn Kim,62,""Paulchester,Belize"",Non-binary,109,198,27.8,Gluten-free,None,3,Strength Training,85,Cardiovascular health,Significant,Health Stats,90,Messages,Articles"
"Marvin Moore,39,""Knighthaven,Czech Republic"",Non-binary,109,191,29.9,Low-fat,None,1,Running,119,Endurance,Moderate,Progress Tracker,35,Forum,Meal plans"
"Katherine Dominguez,59,""Lake Michaelberg,Algeria"",Male,62,156,25.5,Paleo,None,1,Yoga,117,Flexibility,No change,Challenges,29,Comments,Meal plans"
"Aimee Martinez,49,""East Jared,Cocos (Keeling) Islands"",Non-binary,105,150,46.7,Paleo,Peanuts,2,Running,88,Cardiovascular health,No change,Progress Tracker,34,Messages,Workout videos"
"Jasmine Wheeler,55,""East Angel,Congo"",Female,93,158,37.3,Keto,None,7,Mixed,27,Flexibility,Improved,Challenges,38,Forum,Meal plans"
"Shane Anderson,62,""South Lawrenceview,Latvia"",Male,117,191,32.1,Mediterranean,Peanuts,6,Mixed,87,Muscle gain,Improved,Workout Creator,100,Forum,Articles"
"Angela Scott,60,""New Kristi,Falkland Islands (Malvinas)"",Female,59,170,20.4,Vegan,Dairy,7,Mixed,97,Weight loss,Moderate,Challenges,32,Forum,Workout videos"
"Darlene Lawson,42,""West Amy,Sri Lanka"",Male,87,158,34.9,Gluten-free,Gluten,3,Running,53,Weight loss,Significant,Virtual Coach,16,Forum,Articles"
"Renee Ramsey,31,""Laurenport,Madagascar"",Non-binary,100,189,28.0,Vegetarian,Gluten,1,Mixed,101,Cardiovascular health,No change,Progress Tracker,94,Forum,Articles"
"Logan Vega,18,""New Nicholas,Chile"",Female,100,187,28.6,Vegetarian,Shellfish,3,Cardio,43,Cardiovascular health,Moderate,Progress Tracker,40,None,Workout videos"
"Sheila Robinson,27,""North James,Vietnam"",Male,68,150,30.2,Vegetarian,Gluten,2,HIIT,78,Weight loss,No change,Progress Tracker,87,Comments,Meal plans"
"Miranda Davis,54,""West Amandahaven,Kuwait"",Female,88,184,26.0,Gluten-free,Peanuts,3,Cardio,78,Weight loss,Improved,Meal Tracker,56,None,Articles"
"William Reyes,53,""Latashachester,Georgia"",Male,104,177,33.2,Low-carb,Shellfish,3,Cardio,116,Cardiovascular health,Significant,Challenges,62,Comments,Workout videos"
"David Joseph,38,""Carolynstad,Togo"",Male,68,194,18.1,Gluten-free,Dairy,3,HIIT,76,Weight loss,Improved,Health Stats,84,Forum,Meal plans"
"Jaclyn Rhodes,40,""Hooverstad,Saint Barthelemy"",Male,117,200,29.2,Vegetarian,None,3,HIIT,49,Endurance,Significant,Health Stats,90,Forum,Workout videos"
"Alexandra Oneal,22,""North Tabitha,Qatar"",Male,117,175,38.2,Mediterranean,None,7,Yoga,75,Endurance,No change,Workout Creator,116,Forum,Meal plans"
"Robert Curry,38,""Peggyside,Japan"",Female,119,176,38.4,Keto,Shellfish,2,Cardio,119,Muscle gain,Significant,Health Stats,75,Comments,Workout videos"
"Margaret Gay,61,""Johnnyside,Ethiopia"",Non-binary,59,160,23.0,Low-carb,Shellfish,6,Strength Training,81,Weight loss,Improved,Meal Tracker,89,Comments,Meal plans"
"Sydney Ramos,49,""Cynthiaton,Timor-Leste"",Female,65,193,17.5,Gluten-free,Shellfish,6,Strength Training,51,Endurance,Moderate,Meal Tracker,35,Comments,Meal plans"
"Lynn Cohen,49,""North Russellville,Saint Martin"",Non-binary,115,187,32.9,Gluten-free,Shellfish,6,Running,112,Cardiovascular health,No change,Virtual Coach,96,Forum,Meal plans"
"Maria Powers,33,""Deanstad,Estonia"",Non-binary,99,169,34.7,Gluten-free,Gluten,6,HIIT,93,Muscle gain,No change,Health Stats,24,Comments,Articles"
"Wesley Bailey,38,""Ramoshaven,Georgia"",Female,107,198,27.3,Vegan,None,3,Strength Training,66,Flexibility,Significant,Progress Tracker,39,Comments,Meal plans"
"Benjamin Kennedy,47,""Cynthiaview,Bouvet Island (Bouvetoya)"",Male,97,157,39.4,Low-carb,Shellfish,6,Strength Training,22,Flexibility,Moderate,Challenges,62,None,Meal plans"
"John Thompson,37,""Andreafort,Svalbard & Jan Mayen Islands"",Male,58,192,15.7,Low-carb,None,4,Mixed,30,Weight loss,No change,Challenges,19,Comments,Workout videos"
"Thomas Stevens,55,""North Eric,Finland"",Non-binary,94,193,25.2,Low-fat,Peanuts,2,Cardio,75,Muscle gain,Significant,Progress Tracker,75,Messages,Workout videos"
"Maria Brock,65,""East Shawnshire,Myanmar"",Male,54,172,18.3,Vegan,Shellfish,1,Mixed,82,Weight loss,Improved,Health Stats,48,Messages,Workout videos"
"William Perkins,55,""Julieshire,Turkmenistan"",Non-binary,65,164,24.2,Paleo,Gluten,3,HIIT,26,Muscle gain,Improved,Challenges,73,Messages,Articles"
"Matthew Smith,64,""Bakermouth,Vanuatu"",Non-binary,82,183,24.5,Vegan,Shellfish,5,Strength Training,83,Cardiovascular health,Moderate,Progress Tracker,115,Messages,Workout videos"
"Gregg Harris,21,""West Desireeland,Netherlands"",Female,116,190,32.1,Vegan,Dairy,7,Yoga,95,Endurance,Significant,Progress Tracker,22,Comments,Articles"
"Heather Lang,63,""South Jillville,Saint Vincent and the Grenadines"",Female,119,182,35.9,Paleo,Shellfish,6,Running,77,Muscle gain,Improved,Meal Tracker,91,Forum,Articles"
"Marc Hernandez,41,""North Betty,Guyana"",Male,67,163,25.2,Keto,None,5,Yoga,105,Cardiovascular health,Moderate,Progress Tracker,113,Messages,Articles"
"Joseph Rogers,46,""Lake Angeltown,Liberia"",Male,108,159,42.7,Gluten-free,Dairy,7,Yoga,83,Cardiovascular health,Improved,Health Stats,115,Messages,Workout videos"
"Joshua Henry,27,""South Lori,Gabon"",Male,110,197,28.3,Low-fat,Dairy,6,HIIT,117,Muscle gain,Moderate,Workout Creator,55,Messages,Articles"
"Albert Williams,54,""Richardfort,Saint Barthelemy"",Non-binary,64,198,16.3,Vegan,Gluten,3,Running,94,Cardiovascular health,Improved,Health Stats,82,None,Meal plans"
"Helen Smith,65,""Lake Jeremy,Zimbabwe"",Female,73,194,19.4,Vegetarian,Gluten,5,Running,60,Endurance,Moderate,Virtual Coach,42,Comments,Meal plans"
"Mr. Anthony Johnson III,64,""Emmaberg,Cuba"",Non-binary,92,188,26.0,Vegetarian,Dairy,5,Mixed,61,Endurance,No change,Progress Tracker,120,Comments,Articles"
"Crystal Wells,59,""North Susanhaven,Montenegro"",Male,114,182,34.4,Gluten-free,None,1,Running,79,Cardiovascular health,Improved,Meal Tracker,116,None,Articles"
"Matthew Wang,42,""South Davidview,Germany"",Female,71,182,21.4,Gluten-free,Dairy,7,Running,112,Flexibility,No change,Workout Creator,66,None,Meal plans"
"Jason Flores,46,""Port Kristin,Croatia"",Female,96,170,33.2,Vegetarian,Peanuts,1,Strength Training,113,Endurance,Significant,Workout Creator,60,Messages,Articles"
"Kimberly Medina,45,""Lake Robertchester,New Zealand"",Female,57,154,24.0,Keto,None,7,Strength Training,63,Cardiovascular health,Moderate,Meal Tracker,33,Comments,Articles"
"Megan Edwards,58,""Port Thomas,Argentina"",Male,107,174,35.3,Mediterranean,None,2,Strength Training,57,Cardiovascular health,Significant,Challenges,118,Forum,Articles"
"Erin Duncan,31,""East Laura,North Macedonia"",Female,57,155,23.7,Paleo,Shellfish,2,Cardio,56,Endurance,No change,Challenges,15,None,Articles"
"Michelle Luna,43,""Hudsonbury,Maldives"",Female,87,151,38.2,Low-fat,Gluten,6,Yoga,56,Weight loss,Moderate,Challenges,45,Messages,Workout videos"
"Breanna Sullivan,21,""South Deborah,Samoa"",Female,55,182,16.6,Paleo,Shellfish,6,Mixed,87,Flexibility,No change,Challenges,56,None,Meal plans"
"Michael Kemp,61,""East Paulafurt,Philippines"",Male,63,183,18.8,Vegan,Dairy,3,Cardio,99,Flexibility,Improved,Workout Creator,71,Forum,Meal plans"
"Sandra Anderson,60,""North Heather,Denmark"",Non-binary,92,188,26.0,Paleo,Peanuts,7,Running,26,Cardiovascular health,Improved,Progress Tracker,17,None,Articles"
"Jason Castro,43,""Shawnview,Cook Islands"",Female,98,185,28.6,Low-carb,Dairy,1,Cardio,36,Muscle gain,No change,Progress Tracker,38,Forum,Articles"
"Kristen Ramirez,20,""Riostown,Togo"",Non-binary,53,186,15.3,Low-carb,Peanuts,5,Yoga,108,Weight loss,Improved,Workout Creator,87,Comments,Workout videos"
"Brian Williams,63,""Webbview,Cambodia"",Female,79,165,29.0,Low-fat,Shellfish,3,Strength Training,49,Cardiovascular health,Significant,Workout Creator,49,Comments,Workout videos"
"Susan Peters,56,""Sarahtown,Sierra Leone"",Non-binary,89,152,38.5,Vegetarian,None,5,HIIT,86,Endurance,Improved,Meal Tracker,112,Comments,Workout videos"
"Kayla Cantrell MD,32,""West Courtneyside,Canada"",Male,84,162,32.0,Vegan,Shellfish,6,Mixed,43,Muscle gain,Moderate,Progress Tracker,43,Messages,Workout videos"
"Kathleen Newman,61,""New Melissahaven,Samoa"",Non-binary,114,199,28.8,Gluten-free,Gluten,1,HIIT,50,Cardiovascular health,Moderate,Challenges,33,Comments,Workout videos"
"Jacob Gaines MD,52,""North Christophertown,Hungary"",Female,77,163,29.0,Gluten-free,Shellfish,4,Mixed,70,Weight loss,Improved,Virtual Coach,116,Messages,Articles"
"Joseph Ortega,39,""West Michael,Estonia"",Female,72,180,22.2,Vegan,Gluten,3,Cardio,72,Weight loss,Significant,Challenges,50,Comments,Articles"
"Samantha Gonzales,42,""East Kelly,Pitcairn Islands"",Non-binary,105,181,32.1,Gluten-free,Dairy,2,Running,44,Muscle gain,Significant,Health Stats,106,Forum,Articles"
"Tracy Miller,64,""Lawrencemouth,Sweden"",Male,54,156,22.2,Gluten-free,None,2,Running,57,Weight loss,Significant,Meal Tracker,15,Forum,Meal plans"
"Barbara Griffith,46,""Ruizbury,French Southern Territories"",Male,103,191,28.2,Vegetarian,None,5,Mixed,93,Flexibility,Improved,Health Stats,67,Messages,Workout videos"
"Bradley Schneider,25,""North Marcoville,Pakistan"",Female,108,176,34.9,Keto,Shellfish,7,Strength Training,64,Weight loss,Moderate,Challenges,107,Messages,Meal plans"
"Mary Contreras,33,""Jenniferfort,Botswana"",Non-binary,60,197,15.5,Low-fat,Dairy,7,Strength Training,109,Muscle gain,No change,Meal Tracker,89,None,Meal plans"
"Tyrone Hester,30,""Bakerbury,North Macedonia"",Male,95,171,32.5,Paleo,Peanuts,5,Strength Training,44,Weight loss,Improved,Workout Creator,104,Messages,Workout videos"
"Kelly Estrada,30,""Kathrynmouth,Iceland"",Female,70,193,18.8,Vegan,Gluten,5,Strength Training,25,Endurance,Significant,Health Stats,90,Comments,Workout videos"
"Paul Calderon,63,""Gregoryville,Kiribati"",Female,108,166,39.2,Mediterranean,Shellfish,3,Mixed,37,Cardiovascular health,Significant,Workout Creator,85,None,Meal plans"
"James Taylor,43,""North Alejandro,Martinique"",Female,56,155,23.3,Keto,Peanuts,6,Mixed,56,Flexibility,No change,Health Stats,60,None,Articles"
"Robert Williams,38,""South Saraburgh,Barbados"",Non-binary,67,192,18.2,Paleo,Dairy,1,Running,70,Flexibility,Improved,Workout Creator,56,None,Articles"
"Sharon Mueller,23,""Richardside,Tajikistan"",Female,109,185,31.8,Keto,None,6,Yoga,21,Flexibility,Significant,Meal Tracker,75,Messages,Articles"
"Andrea Griffith,45,""Aprilchester,Saint Pierre and Miquelon"",Female,99,169,34.7,Low-fat,Dairy,3,HIIT,20,Endurance,Moderate,Meal Tracker,42,Messages,Articles"
"Tonya Payne,26,""North George,Dominican Republic"",Female,101,182,30.5,Mediterranean,Dairy,3,Strength Training,82,Weight loss,Significant,Progress Tracker,93,Comments,Workout videos"
"James Rhodes,56,""Vasquezberg,Norway"",Non-binary,94,187,26.9,Low-fat,Dairy,1,Cardio,73,Flexibility,Improved,Meal Tracker,26,None,Meal plans"
"Jamie Arnold,18,""Ortizville,Malaysia"",Non-binary,81,154,34.2,Paleo,Shellfish,5,Yoga,37,Weight loss,Significant,Virtual Coach,25,Comments,Articles"
"Kimberly Adams MD,33,""Thompsonside,Korea"",Non-binary,78,183,23.3,Low-carb,None,2,Running,39,Weight loss,Improved,Progress Tracker,69,Forum,Articles"
"Donald Macdonald,30,""Simmonsfort,Zambia"",Female,67,172,22.6,Keto,Dairy,3,Yoga,33,Cardiovascular health,Improved,Workout Creator,54,Comments,Articles"
"Jacob Moody,24,""Port Keithshire,Greenland"",Male,106,193,28.5,Vegetarian,Peanuts,2,Strength Training,100,Endurance,Significant,Meal Tracker,38,Forum,Workout videos"
"Mark Sharp,43,""Juanland,Afghanistan"",Non-binary,116,158,46.5,Mediterranean,None,1,Cardio,34,Flexibility,Improved,Workout Creator,71,Forum,Workout videos"
"Kelsey Montgomery,48,""Christophertown,Slovenia"",Male,91,183,27.2,Vegetarian,Peanuts,5,Mixed,85,Muscle gain,No change,Meal Tracker,83,None,Articles"
"Joseph Fisher,49,""West Eric,Poland"",Male,64,151,28.1,Low-carb,Peanuts,1,Strength Training,113,Muscle gain,Improved,Progress Tracker,80,None,Workout videos"
"Amy Baker,43,""East Amyview,Jamaica"",Male,77,163,29.0,Paleo,Shellfish,1,Yoga,31,Flexibility,Moderate,Meal Tracker,35,Forum,Workout videos"
"James Hernandez,27,""Carterton,Zimbabwe"",Male,77,164,28.6,Low-fat,None,5,HIIT,96,Weight loss,Improved,Workout Creator,73,None,Workout videos"
"Brittany Edwards,30,""Kennethmouth,Afghanistan"",Non-binary,79,161,30.5,Gluten-free,None,4,HIIT,67,Cardiovascular health,Improved,Challenges,90,Forum,Articles"
"Judith Trujillo,18,""Bethville,Tuvalu"",Non-binary,92,185,26.9,Vegetarian,Peanuts,1,Cardio,68,Weight loss,Improved,Virtual Coach,75,Messages,Meal plans"
"Charles Lyons,52,""Mitchellview,Montenegro"",Male,92,183,27.5,Low-carb,Gluten,3,HIIT,74,Muscle gain,No change,Progress Tracker,53,Forum,Workout videos"
"Jason Nguyen,18,""East Lee,Gambia"",Non-binary,50,178,15.8,Keto,None,1,Running,56,Muscle gain,Significant,Virtual Coach,21,None,Workout videos"
"Jeremy Coleman,40,""Andersonburgh,Singapore"",Female,93,181,28.4,Vegetarian,Shellfish,1,HIIT,64,Weight loss,No change,Meal Tracker,64,Comments,Workout videos"
"Steven Wallace,54,""New Susanmouth,Saint Helena"",Male,94,183,28.1,Low-carb,Shellfish,6,Yoga,23,Weight loss,Moderate,Workout Creator,115,None,Workout videos"
"Norman Thomas,63,""New Sallyfurt,Niger"",Male,57,168,20.2,Gluten-free,Gluten,7,Strength Training,90,Weight loss,Moderate,Health Stats,45,Forum,Meal plans"
"Rebecca Arnold,45,""Lake Patrickborough,Grenada"",Male,81,199,20.5,Keto,Shellfish,1,Cardio,87,Weight loss,Significant,Health Stats,32,Messages,Workout videos"
"Paul Mason,27,""Kellyborough,Christmas Island"",Male,106,167,38.0,Low-carb,Dairy,2,Yoga,70,Endurance,Moderate,Workout Creator,38,None,Meal plans"
"Ronald Robbins,34,""Smithberg,Denmark"",Female,112,181,34.2,Gluten-free,Peanuts,3,HIIT,59,Endurance,Improved,Meal Tracker,35,Comments,Meal plans"
"Sarah Anderson,61,""East Michellestad,Azerbaijan"",Female,112,198,28.6,Gluten-free,Gluten,4,Running,79,Flexibility,No change,Health Stats,19,Messages,Meal plans"
"Kevin Pierce,23,""Ericchester,Timor-Leste"",Non-binary,91,175,29.7,Low-carb,Gluten,4,Running,89,Flexibility,No change,Health Stats,47,Forum,Meal plans"
"Rachel Branch,49,""Lake Aprilberg,Niue"",Male,111,172,37.5,Mediterranean,Peanuts,2,Strength Training,72,Flexibility,Significant,Meal Tracker,15,Comments,Articles"
"Kim Lewis,36,""East Jeremiah,Guatemala"",Non-binary,56,185,16.4,Low-carb,Gluten,4,Yoga,72,Muscle gain,Moderate,Progress Tracker,56,Comments,Workout videos"
"Mike Walker,50,""Morenobury,Poland"",Non-binary,63,184,18.6,Vegan,Gluten,6,Strength Training,104,Flexibility,Significant,Meal Tracker,48,Comments,Workout videos"
"Catherine Lin,55,""Brandonshire,Bahrain"",Male,51,168,18.1,Gluten-free,Gluten,7,Cardio,48,Cardiovascular health,Improved,Meal Tracker,68,None,Workout videos"
"Stephen Nelson,55,""East Annaville,Nigeria"",Non-binary,102,200,25.5,Vegan,Shellfish,3,HIIT,80,Muscle gain,Improved,Challenges,88,None,Workout videos"
"Stanley Cruz,47,""North Christopher,Antigua and Barbuda"",Female,103,177,32.9,Paleo,Peanuts,4,Running,55,Endurance,Moderate,Challenges,63,Forum,Meal plans"
"Sarah Haynes,39,""Whitetown,Tajikistan"",Male,83,168,29.4,Low-fat,Shellfish,5,Mixed,46,Cardiovascular health,Significant,Meal Tracker,27,Comments,Articles"
"Johnny Woods,21,""Lake Victoria,Trinidad and Tobago"",Male,63,195,16.6,Vegetarian,Shellfish,6,HIIT,86,Cardiovascular health,Improved,Virtual Coach,35,Messages,Articles"
"Emily Zuniga,35,""South Kyle,Somalia"",Female,105,165,38.6,Paleo,Gluten,7,Running,117,Flexibility,Moderate,Virtual Coach,98,Messages,Workout videos"
"Daniel Acosta,64,""East Josephmouth,Mozambique"",Female,99,168,35.1,Low-fat,Peanuts,1,Running,86,Flexibility,Moderate,Progress Tracker,90,Comments,Meal plans"
"Melissa Bullock,30,""Campbellberg,Australia"",Male,58,173,19.4,Low-carb,Peanuts,5,HIIT,80,Endurance,Significant,Meal Tracker,21,Messages,Workout videos"
"Carlos Rodriguez,59,""Nelsonburgh,French Guiana"",Male,96,154,40.5,Keto,Shellfish,4,Running,78,Muscle gain,No change,Virtual Coach,59,Comments,Articles"
"Timothy Thomas,19,""Lake Danielshire,Marshall Islands"",Non-binary,106,198,27.0,Low-carb,Dairy,7,Mixed,41,Weight loss,Significant,Virtual Coach,112,Comments,Workout videos"
"Morgan Horton,54,""Mendozatown,Suriname"",Female,104,180,32.1,Vegetarian,Gluten,3,Mixed,33,Endurance,No change,Challenges,72,Forum,Workout videos"
"Gary Olson,51,""Wagnermouth,Chile"",Non-binary,110,176,35.5,Vegetarian,Gluten,5,Cardio,120,Flexibility,Significant,Health Stats,24,Messages,Workout videos"
"Adam Weber,44,""New Latoya,United Arab Emirates"",Female,65,168,23.0,Vegan,Shellfish,3,Yoga,101,Endurance,No change,Challenges,20,Comments,Workout videos"
"Luis Williams,62,""Huangberg,Georgia"",Non-binary,55,164,20.4,Mediterranean,Gluten,5,HIIT,115,Weight loss,Moderate,Progress Tracker,84,Comments,Meal plans"
"Kenneth Taylor,41,""Seanview,Sweden"",Male,116,173,38.8,Gluten-free,Shellfish,2,Strength Training,36,Flexibility,Improved,Virtual Coach,36,Comments,Meal plans"
"Brooke Sanders,57,""South Christine,Marshall Islands"",Non-binary,54,197,13.9,Paleo,Peanuts,2,Mixed,97,Muscle gain,Improved,Meal Tracker,91,Forum,Meal plans"
"Melissa Mckinney,65,""Kimport,Antigua and Barbuda"",Non-binary,86,161,33.2,Low-carb,Gluten,3,HIIT,26,Flexibility,Significant,Challenges,107,Messages,Articles"
"Dennis Ross,44,""West Desiree,Faroe Islands"",Non-binary,120,156,49.3,Keto,Peanuts,2,Mixed,78,Flexibility,No change,Meal Tracker,91,Messages,Meal plans"
"Kristen Norris,29,""Stevefurt,Bulgaria"",Male,85,166,30.8,Low-fat,Peanuts,2,Cardio,26,Flexibility,Significant,Virtual Coach,45,Messages,Workout videos"
"Shawn White,38,""Briannabury,Puerto Rico"",Non-binary,117,151,51.3,Low-fat,Dairy,4,Cardio,81,Cardiovascular health,No change,Challenges,37,Forum,Workout videos"
"Tanya Saunders,52,""Lanceburgh,Australia"",Female,82,169,28.7,Low-carb,None,2,Cardio,59,Muscle gain,No change,Meal Tracker,94,Messages,Meal plans"
"Catherine Rodriguez,56,""Parrishtown,Iran"",Non-binary,88,179,27.5,Low-carb,Gluten,2,Yoga,41,Cardiovascular health,No change,Meal Tracker,21,None,Meal plans"
"Jamie Hooper,46,""Bellmouth,Mozambique"",Male,63,160,24.6,Vegan,None,5,HIIT,57,Cardiovascular health,No change,Workout Creator,75,Forum,Articles"
"Adam Benson,54,""Port Mario,Uzbekistan"",Male,80,198,20.4,Vegetarian,Peanuts,5,Yoga,57,Weight loss,No change,Progress Tracker,67,Messages,Articles"
"Laura Gonzalez,36,""Lake Dana,Papua New Guinea"",Female,93,164,34.6,Low-carb,Gluten,3,Strength Training,63,Flexibility,Significant,Progress Tracker,61,Messages,Workout videos"
"Amy Cooley,25,""Blackwellfort,Andorra"",Male,73,153,31.2,Mediterranean,None,7,Running,94,Cardiovascular health,Significant,Progress Tracker,93,Forum,Articles"
"Christopher Harvey PhD,24,""Knightmouth,Albania"",Male,106,192,28.8,Mediterranean,Shellfish,7,Strength Training,38,Endurance,Significant,Health Stats,40,Forum,Articles"
"Devin Taylor,19,""Bethchester,United States Virgin Islands"",Male,83,175,27.1,Vegan,Shellfish,4,Cardio,87,Flexibility,Improved,Progress Tracker,73,None,Workout videos"
"Sarah Romero,51,""Austinland,Bouvet Island (Bouvetoya)"",Female,88,192,23.9,Low-carb,Dairy,1,Mixed,107,Cardiovascular health,Moderate,Virtual Coach,75,Messages,Meal plans"
"Victoria Walters,47,""North Erinmouth,Mali"",Female,119,198,30.4,Keto,Dairy,6,Running,94,Endurance,Significant,Challenges,68,Messages,Articles"
"Jessica Davis,62,""New Margaretside,Grenada"",Non-binary,77,155,32.0,Low-fat,Shellfish,6,Cardio,71,Muscle gain,Moderate,Progress Tracker,80,Messages,Meal plans"
"Richard Love MD,55,""South Kellyfort,Germany"",Male,120,156,49.3,Gluten-free,Dairy,7,Cardio,90,Flexibility,Improved,Health Stats,16,Messages,Workout videos"
"Kelli Hoffman,54,""West Anna,Oman"",Male,92,194,24.4,Vegetarian,Gluten,1,Mixed,106,Flexibility,Moderate,Workout Creator,25,Forum,Meal plans"
"Alicia Smith,32,""Johntown,Turkey"",Non-binary,84,164,31.2,Low-carb,Dairy,2,Running,87,Cardiovascular health,Significant,Challenges,99,Messages,Meal plans"
"Katherine Richardson,53,""Lewismouth,Nigeria"",Female,95,198,24.2,Low-fat,None,2,Running,99,Endurance,Significant,Workout Creator,20,Messages,Articles"
"Joe Gordon,19,""Port Prestonview,Georgia"",Female,90,194,23.9,Paleo,None,7,Running,28,Weight loss,Moderate,Health Stats,101,Comments,Meal plans"
"Andrea Turner,31,""Duncanshire,Sao Tome and Principe"",Non-binary,96,157,38.9,Low-fat,Gluten,2,Cardio,90,Muscle gain,Significant,Virtual Coach,68,None,Meal plans"
"Kara Massey,24,""Lake Jenniferfurt,Saint Vincent and the Grenadines"",Non-binary,95,171,32.5,Mediterranean,Dairy,4,HIIT,80,Flexibility,Moderate,Health Stats,38,Forum,Workout videos"
"Christopher Gill,50,""Guyhaven,Guyana"",Male,72,152,31.2,Mediterranean,None,5,Cardio,56,Flexibility,Improved,Progress Tracker,50,Comments,Meal plans"
"Corey Rios,50,""North Kevin,Saint Pierre and Miquelon"",Non-binary,95,161,36.6,Vegetarian,Shellfish,3,Yoga,22,Flexibility,No change,Meal Tracker,93,None,Workout videos"
"Lori Hill,59,""West Melanie,Jamaica"",Male,51,187,14.6,Gluten-free,None,2,Strength Training,59,Flexibility,No change,Meal Tracker,33,None,Articles"
"Rebecca Martinez,41,""Port Antonio,Spain"",Male,120,152,51.9,Low-carb,Peanuts,7,Mixed,119,Cardiovascular health,Significant,Progress Tracker,100,None,Workout videos"
"Joseph Davis,26,""East Cameron,Sao Tome and Principe"",Female,99,198,25.3,Vegan,Peanuts,5,Cardio,59,Endurance,Improved,Workout Creator,49,None,Articles"
"Timothy Smith,25,""Fryestad,Korea"",Male,78,193,20.9,Keto,Shellfish,7,Yoga,38,Weight loss,Improved,Progress Tracker,61,None,Articles"
"Leslie Smith,23,""West Christopher,Hungary"",Non-binary,55,154,23.2,Mediterranean,Shellfish,3,Mixed,81,Endurance,Improved,Progress Tracker,110,Comments,Workout videos"
"Jonathan Rowland,35,""Harryport,United Arab Emirates"",Non-binary,99,193,26.6,Mediterranean,Gluten,4,Running,74,Muscle gain,Moderate,Workout Creator,117,Comments,Articles"
"Stacey Anderson MD,47,""East Ryanstad,Marshall Islands"",Female,54,162,20.6,Vegetarian,Dairy,2,Mixed,49,Cardiovascular health,Significant,Meal Tracker,77,None,Meal plans"
"Nichole Turner,45,""Lake Heatherstad,Seychelles"",Female,78,187,22.3,Vegetarian,None,6,Strength Training,116,Muscle gain,No change,Progress Tracker,36,None,Workout videos"
"Jessica Gilmore,32,""Lake Gregoryville,Cape Verde"",Female,91,167,32.6,Vegan,None,2,Mixed,110,Cardiovascular health,Significant,Virtual Coach,25,Messages,Meal plans"
"Thomas Boyle,55,""New Gailberg,Tanzania"",Male,115,190,31.9,Gluten-free,None,6,Cardio,111,Muscle gain,No change,Health Stats,78,Comments,Articles"
"Christina Hanson,63,""Port Kenneth,Barbados"",Male,108,180,33.3,Gluten-free,Gluten,5,Mixed,84,Muscle gain,Significant,Meal Tracker,115,None,Articles"
"Nicholas Johnson,29,""Nancychester,Liechtenstein"",Male,111,198,28.3,Paleo,Dairy,5,Running,47,Endurance,Moderate,Progress Tracker,57,None,Meal plans"
"Mr. James Nelson,40,""New Dylan,Belarus"",Female,55,155,22.9,Mediterranean,Shellfish,5,Cardio,111,Weight loss,Moderate,Challenges,112,None,Articles"
"Laura Collins,35,""Lake Lisaside,Mali"",Male,107,178,33.8,Mediterranean,Gluten,6,Running,45,Muscle gain,No change,Virtual Coach,84,None,Meal plans"
"Margaret Campbell,65,""West Alyssaburgh,Tokelau"",Male,53,151,23.2,Low-carb,Shellfish,2,HIIT,109,Muscle gain,Significant,Progress Tracker,51,Forum,Workout videos"
"Ian Richardson,44,""Stephanieberg,Sierra Leone"",Non-binary,70,169,24.5,Vegan,Peanuts,3,Strength Training,76,Muscle gain,Improved,Health Stats,73,Comments,Articles"
"Justin Silva,18,""Justinmouth,Puerto Rico"",Female,93,190,25.8,Mediterranean,Dairy,4,HIIT,104,Cardiovascular health,No change,Progress Tracker,19,Comments,Meal plans"
"Kevin Collins,51,""West Bethhaven,United Kingdom"",Female,105,150,46.7,Mediterranean,Gluten,7,Strength Training,81,Muscle gain,Improved,Virtual Coach,103,Messages,Meal plans"
"Kristy Reid,29,""Johnnyfort,Thailand"",Male,70,197,18.0,Paleo,Dairy,7,HIIT,59,Cardiovascular health,Improved,Meal Tracker,53,Messages,Articles"
"Sandra Richards,26,""Allisonshire,Mali"",Non-binary,80,200,20.0,Vegan,Shellfish,2,Yoga,27,Endurance,Moderate,Virtual Coach,115,Forum,Articles"
"Nancy Ward,26,""Cathyside,Belize"",Female,118,181,36.0,Keto,Peanuts,2,Strength Training,81,Muscle gain,Significant,Progress Tracker,114,Comments,Articles"
"Mr. Tyler Smith,37,""Allisonshire,Belgium"",Non-binary,89,164,33.1,Vegetarian,Gluten,1,HIIT,83,Flexibility,Moderate,Challenges,46,Forum,Meal plans"
"Douglas King,57,""Port Malikmouth,Belgium"",Male,71,170,24.6,Vegan,Dairy,3,HIIT,85,Muscle gain,Improved,Workout Creator,45,None,Articles"
"Robin Robinson,22,""Michelefort,Bulgaria"",Male,116,160,45.3,Low-carb,Peanuts,2,Cardio,51,Muscle gain,Significant,Challenges,79,Comments,Workout videos"
"Mike Garza,58,""Rojasport,France"",Female,119,157,48.3,Vegan,Gluten,5,Mixed,67,Weight loss,Moderate,Meal Tracker,77,Comments,Workout videos"
"Jacob James,51,""Bassville,Heard Island and McDonald Islands"",Non-binary,111,183,33.1,Vegetarian,Gluten,6,Cardio,40,Muscle gain,No change,Progress Tracker,83,Messages,Workout videos"
"Marcus Obrien,21,""Port Wendychester,Western Sahara"",Female,66,160,25.8,Low-fat,None,5,Yoga,88,Weight loss,Moderate,Challenges,72,Forum,Meal plans"
"Diane Erickson,22,""Walterville,Saint Barthelemy"",Non-binary,116,170,40.1,Mediterranean,None,3,HIIT,103,Cardiovascular health,Significant,Challenges,35,Comments,Workout videos"
"Anthony Wilcox,62,""New Johnathan,Cocos (Keeling) Islands"",Female,117,182,35.3,Low-fat,Dairy,3,Yoga,33,Endurance,No change,Meal Tracker,90,None,Workout videos"
"Jacqueline Martin,60,""East Christyton,Bouvet Island (Bouvetoya)"",Non-binary,86,165,31.6,Vegan,Gluten,6,Running,89,Cardiovascular health,Improved,Challenges,18,Comments,Workout videos"
"Erica Larsen,29,""South Natasha,Dominica"",Non-binary,84,155,35.0,Keto,None,7,Strength Training,39,Weight loss,Moderate,Workout Creator,41,None,Workout videos"
"Kelly Scott,30,""West Christian,Lao People's Democratic Republic"",Male,57,170,19.7,Vegetarian,Gluten,5,HIIT,56,Endurance,Moderate,Workout Creator,107,Forum,Meal plans"
"Edward Velazquez,54,""Snyderton,Kuwait"",Male,88,197,22.7,Vegetarian,Dairy,4,Yoga,28,Cardiovascular health,Significant,Challenges,89,Forum,Articles"
"Cindy Torres,54,""West Kristymouth,Cape Verde"",Non-binary,71,165,26.1,Paleo,Peanuts,5,Yoga,120,Endurance,Moderate,Workout Creator,66,Comments,Meal plans"
"James Williams,35,""Kennedyville,Brunei Darussalam"",Non-binary,61,160,23.8,Low-carb,Shellfish,2,Yoga,40,Muscle gain,Improved,Health Stats,106,Messages,Meal plans"
"Brandon Morgan,59,""Millertown,Fiji"",Female,86,189,24.1,Paleo,Dairy,7,Cardio,90,Weight loss,Moderate,Virtual Coach,38,Forum,Articles"
"Chelsea Sanchez,49,""Bradleybury,Korea"",Female,66,177,21.1,Vegan,Peanuts,6,Running,27,Cardiovascular health,Significant,Progress Tracker,83,Comments,Meal plans"
"Ashley Leonard,18,""New Amanda,Guatemala"",Non-binary,80,189,22.4,Vegetarian,Shellfish,6,Running,71,Weight loss,Improved,Meal Tracker,94,Messages,Workout videos"
"Amber Jones,38,""Sarahport,Congo"",Non-binary,120,199,30.3,Vegan,Gluten,7,Strength Training,62,Endurance,Significant,Challenges,95,Forum,Workout videos"
"Ryan Roberts,64,""North Amy,Jersey"",Non-binary,86,165,31.6,Low-carb,Peanuts,4,Yoga,99,Endurance,Moderate,Virtual Coach,78,Comments,Meal plans"
"Maurice Nelson,38,""Pattersonberg,Nepal"",Female,119,187,34.0,Mediterranean,Shellfish,6,Cardio,95,Endurance,No change,Progress Tracker,70,Comments,Meal plans"
"Tonya Randall,51,""New Howard,Albania"",Non-binary,65,150,28.9,Gluten-free,Dairy,1,Mixed,39,Flexibility,Improved,Virtual Coach,73,Messages,Workout videos"
"Julie Hogan,42,""New Hollymouth,Gibraltar"",Female,101,157,41.0,Mediterranean,Shellfish,2,Strength Training,56,Weight loss,Moderate,Virtual Coach,49,Forum,Articles"
"Angela Haas,23,""Port Kevin,Jersey"",Male,64,188,18.1,Paleo,Shellfish,4,Running,93,Weight loss,Significant,Workout Creator,77,Forum,Workout videos"
"Emma Stevens,28,""Maldonadohaven,Afghanistan"",Male,112,192,30.4,Paleo,None,4,Yoga,84,Muscle gain,No change,Workout Creator,31,Forum,Workout videos"
"Melissa Escobar,28,""Markfurt,Suriname"",Female,104,166,37.7,Mediterranean,Dairy,5,Yoga,105,Flexibility,No change,Virtual Coach,74,Forum,Articles"
"David Smith,31,""Fergusonton,South Africa"",Female,101,194,26.8,Keto,Peanuts,4,Cardio,31,Muscle gain,Improved,Challenges,91,Comments,Meal plans"
"Shawn Barton,58,""Kellyview,Libyan Arab Jamahiriya"",Female,79,193,21.2,Vegetarian,Peanuts,7,Running,52,Endurance,Moderate,Virtual Coach,109,Messages,Articles"
"Joseph Olson,31,""New Timothy,Nigeria"",Non-binary,51,179,15.9,Vegetarian,Dairy,3,Strength Training,100,Cardiovascular health,Improved,Virtual Coach,18,None,Workout videos"
"Sharon Suarez,57,""Jacksonstad,Madagascar"",Non-binary,60,157,24.3,Vegetarian,Dairy,1,Strength Training,53,Flexibility,No change,Meal Tracker,86,None,Meal plans"
"Thomas Gould,20,""Lake Tammyton,Bulgaria"",Female,84,151,36.8,Low-fat,Gluten,2,HIIT,93,Muscle gain,Improved,Challenges,79,Forum,Meal plans"
"Jesse White DDS,46,""New Sharimouth,United States Minor Outlying Islands"",Non-binary,82,189,23.0,Paleo,Peanuts,7,HIIT,26,Cardiovascular health,Improved,Progress Tracker,54,Forum,Articles"
"Mark Ferguson,56,""West Lindamouth,Uruguay"",Female,112,169,39.2,Low-carb,Gluten,7,Cardio,55,Endurance,Significant,Challenges,31,None,Workout videos"
"Nicholas Haas,34,""East Dillon,Zambia"",Female,106,189,29.7,Gluten-free,Dairy,6,Yoga,60,Weight loss,Moderate,Meal Tracker,96,Forum,Meal plans"
"Mark Williams,21,""Brianshire,Saudi Arabia"",Female,94,166,34.1,Paleo,Dairy,2,Mixed,101,Flexibility,Improved,Meal Tracker,62,None,Workout videos"
"Kevin Johnson,53,""Justinfort,Japan"",Male,51,178,16.1,Low-fat,Shellfish,5,Cardio,34,Cardiovascular health,Significant,Health Stats,108,Messages,Workout videos"
"Stephanie Hodges,65,""Port Evelyn,Senegal"",Non-binary,111,184,32.8,Vegetarian,Gluten,3,Yoga,56,Cardiovascular health,Significant,Progress Tracker,77,Comments,Meal plans"
"Pamela Baker,22,""Russellview,Japan"",Non-binary,51,197,13.1,Low-fat,Gluten,3,Strength Training,89,Muscle gain,Significant,Progress Tracker,22,None,Articles"
"Colleen Rivera,36,""West Heatherfurt,Grenada"",Female,105,151,46.1,Paleo,Shellfish,4,Cardio,69,Cardiovascular health,Moderate,Health Stats,95,None,Articles"
"Shane Johnson,56,""Cynthiaberg,Bosnia and Herzegovina"",Male,105,158,42.1,Low-fat,Shellfish,7,Strength Training,80,Cardiovascular health,No change,Health Stats,79,Messages,Articles"
"Kelly Woodward,57,""West Crystalview,Liberia"",Non-binary,98,161,37.8,Gluten-free,Gluten,4,Yoga,75,Weight loss,Improved,Progress Tracker,97,None,Workout videos"
"Randall Choi,22,""Lake Scottshire,Greece"",Male,93,173,31.1,Gluten-free,Gluten,6,Cardio,65,Flexibility,No change,Meal Tracker,92,None,Workout videos"
"Savannah Dougherty,63,""Ericmouth,Tunisia"",Male,119,174,39.3,Low-fat,Peanuts,2,Yoga,83,Endurance,Improved,Health Stats,89,Forum,Workout videos"
"Erica Chavez,48,""Lake Gregory,Niger"",Non-binary,113,162,43.1,Vegetarian,None,4,Strength Training,28,Endurance,Improved,Virtual Coach,26,Forum,Workout videos"
"Austin Gonzalez,21,""Jessicaberg,Slovenia"",Female,109,196,28.4,Gluten-free,Dairy,4,Cardio,55,Flexibility,No change,Challenges,75,Forum,Meal plans"
"Jeremiah Roach,34,""Shaneburgh,Venezuela"",Male,115,186,33.2,Gluten-free,Dairy,6,Mixed,94,Cardiovascular health,Significant,Workout Creator,50,Comments,Articles"
"Jeremy Brown,52,""Jacquelineborough,Cuba"",Non-binary,92,194,24.4,Mediterranean,Shellfish,1,Mixed,86,Endurance,No change,Progress Tracker,45,Comments,Meal plans"
"Henry Hoffman Jr.,26,""North Tammy,Slovenia"",Non-binary,56,187,16.0,Gluten-free,Dairy,5,Mixed,44,Weight loss,Significant,Virtual Coach,53,Messages,Workout videos"
"Matthew Mack,47,""Williamshire,Luxembourg"",Non-binary,91,151,39.9,Gluten-free,Shellfish,2,Strength Training,83,Endurance,Improved,Progress Tracker,40,Messages,Meal plans"